:100000000C94020E0C943D0E0C943D0E0C943D0E7F
:100010000C943D0E0C943D0E0C943D0E0C943D0E34
:100020000C943D0E0C943D0E0C9471470C94414879
:100030000C9408400C943D0E0C943D0E0C943D0E17
:100040000C943D0E0C943D0E0C943D0E0C943D0E04
:100050000C94642A0C947F400C943D0E0C943D0E3D
:100060000C943D0E0C943D0E0C943D0E0C943D0EE4
:100070000C943D0E0C943D0E0C943D0E0C943D0ED4
:100080000C943D0E0C943D0E0C943D0E0C943D0EC4
:100090000C943D0E0C943D0E202020200053435222
:1000A000200020202020004341502000202020203C
:1000B000004E554D2000556E646566696E6564009E
:1000C00046756E6320330A0046756E6320320A005F
:1000D00046756E6320310A00426173650A004C6107
:1000E0007965723A20004D306C6C790A0035001E3B
:1000F000001F0020002100220023002400250026EC
:100100000027002D002E002A000000530054005547
:100110000056002B0014001A000800150017001CE0
:100120000018000C00120013002F003000310000F6
:10013000005F006000610000003900040016000745
:100140000009000A000B000D000E000F0033003400
:10015000000000280000005C005D005E005700E128
:100160000000001D001B0006001900050011001012
:1001700000360037003800E5000000000059005A42
:10018000005B000000E000E300E200000000002C43
:1001900000000000000000E6000000E7002152E43B
:1001A000000000620000006300580001000100012F
:1001B0000001000100010001000100010001000137
:1001C0000001000100007C000001000100010001AD
:1001D0000001000100010001000100010001000117
:1001E0000001000100010001000100010000000108
:1001F00000010001000000010001000100010001F8
:1002000000010001000100010001000100010000E7
:1002100000010000000100010001000100010000D8
:100220000020782178237824782578267827782864
:1002300078057801000100000000000100010001C4
:1002400000000001000100010000000000010000AA
:10025000000000000001000000010001000100009A
:100260000001000000010001000100010001000187
:100270000001000100010001000100010001000176
:10028000000100007C0000010001000100010001EC
:100290000001000100010001000100010001000156
:1002A0000001000100010001000100000001000147
:1002B0000001000000010001000100010001000137
:1002C0000001000100010001000100010000000127
:1002D00000000001000100010001000100000020F9
:1002E0007821782378247825782678277828780547
:1002F0007801000100000000000100010001000081
:1003000000010001000100000000000100000000E9
:1003100000000001000000010001000100000001D8
:1003200000000001000100010001000100010001C6
:1003300000010001000100010001000100010001B5
:1003400000007C000001000100010001000100012B
:100350000001000100010001000100010001000195
:100360000001000100010001000000010001000186
:100370000000000100010001000100010001000176
:100380000001000100010001000100000001000067
:10039000000100010001000100010000002078219F
:1003A00078237824782578267827782878057801A6
:1003B0000001000000000001000100010000000138
:1003C000000100010000000000010000000000002A
:1003D0000001000000010001000100000001000018
:1003E00000010001006C65645F7461736B3A202545
:1003F0003032580A004F6E6573686F743A2061633B
:10040000746976653A2025640A0044454255473AA6
:100410002064697361626C65642E0A00444542552C
:10042000473A20656E61626C65642E0A000A0025F9
:100430003033326C62003A200025303258000A72A4
:100440002F63203031323334353637383941424327
:1004500044454630313233343536373839414243FA
:100460004445460A007267626C6967687420746963
:100470006D65722064697361626C652E0A00726733
:10048000626C696768742074696D657220656E615D
:10049000626C65642E0A007267626C69676874201A
:1004A000736574207370656564205B4E4F454550DD
:1004B000524F4D5D3A2025750A007267626C69677C
:1004C000687420736574207370656564205B4545AE
:1004D00050524F4D5D3A2025750A007267626C6973
:1004E0006768742073657420687376205B4E4F458F
:1004F0004550524F4D5D3A2025752C25752C25759C
:100500000A007267626C696768742073657420689A
:100510007376205B454550524F4D5D3A2025752C32
:1005200025752C25750A007267626C6967687420EE
:100530007261696E626F7720736574206873763AB2
:100540002025642C25642C25642C25750A007267EF
:10055000626C696768742064697361626C65205BB2
:100560004E4F454550524F4D5D3A207267626C695F
:100570006768745F636F6E6669672E656E61626C33
:1005800065203D2025750A007267626C6967687492
:100590002064697361626C65205B454550524F4D24
:1005A0005D3A207267626C696768745F636F6E663C
:1005B00069672E656E61626C65203D2025750A00B5
:1005C0007267626C6967687420656E61626C652031
:1005D0005B4E4F454550524F4D5D3A207267626CFD
:1005E000696768745F636F6E6669672E656E6162C6
:1005F0006C65203D2025750A007267626C6967682A
:100600007420656E61626C65205B454550524F4DAC
:100610005D3A207267626C696768745F636F6E66CB
:1006200069672E656E61626C65203D2025750A0044
:100630007267626C6967687420746F67676C6520A5
:100640005B4E4F454550524F4D5D3A207267626C8C
:10065000696768745F636F6E6669672E656E616255
:100660006C65203D2025750A007267626C696768B9
:100670007420746F67676C65205B454550524F4D21
:100680005D3A207267626C696768745F636F6E665B
:1006900069672E656E61626C65203D2025750A00D4
:1006A0007267626C69676874206D6F6465205B4E69
:1006B0004F454550524F4D5D3A2025750A007267EF
:1006C000626C69676874206D6F6465205B45455096
:1006D000524F4D5D3A2025750A007267626C69675A
:1006E00068745F696E6974207267626C69676874A8
:1006F0005F636F6E6669672E6D6F6465203D2030A5
:100700002E2057726974652064656661756C74206B
:1007100076616C75657320746F20454550524F4D5E
:100720002E0A007267626C696768745F696E69742B
:10073000207374617274210A007267626C69676861
:10074000745F636F6E6669672E7370656564203DC4
:100750002025640A007267626C696768745F636F62
:100760006E6669672E76616C203D2025640A0072F2
:1007700067626C696768745F636F6E6669672E7322
:100780006174203D2025640A007267626C696768A5
:10079000745F636F6E6669672E687565203D2025FE
:1007A000640A007267686C696768745F636F6E667D
:1007B00069672E6D6F6465203D2025640A007267AD
:1007C000626C696768745F636F6E6669672E7665D1
:1007D0006C6F63696B6579203D2025640A00726740
:1007E000626C696768745F636F6E6669672E656EB9
:1007F00061626C65203D2025640A007267626C6945
:100800006768745F636F6E66696720454550524F35
:100810004D3A0A001E0F0500047F3F1F6432146426
:100820003214783C1E1E140A052223252628292A64
:100830002C2D2F3032333536383A3B3D3E40424343
:100840004547494A4C4E5051535557595A5C5E6082
:1008500062646668696B6D6F71737577797B7D7F94
:1008600081838587898A8C8E90929496989A9C9E93
:100870009FA1A3A5A7A8AAACAEAFB1B3B4B6B8B9AF
:10088000BBBCBEBFC1C2C3C5C6C7C9CACBCCCDCE17
:10089000D0D1D2D2D3D4D5D6D7D7D8D9D9DADADBFA
:1008A000DBDBDCDCDCDCDCDDDDDDDDDCDCDCDCDC86
:1008B000DBDBDBDADAD9D9D8D7D7D6D5D4D3D2D2C5
:1008C000D1D0CECDCCCBCAC9C7C6C5C3C2C1BFBEAD
:1008D000BCBBB9B8B6B4B3B1AFAEACAAA8A7A5A318
:1008E000A19F9E9C9A98969492908E8C8A898785D7
:1008F00083817F7D7B79777573716F6D6B696866B6
:100900006462605E5C5A5957555351504E4C4A4987
:1009100047454342403E3D3B3A3836353332302F2F
:100920002D2C2A292826252322FFAA7F55406261E3
:10093000636B6C6967687420627265617468696E64
:10094000672064697361626C650A006261636B6C45
:100950006967687420627265617468696E67206592
:100960006E61626C650A006261636B6C69676874D2
:1009700020627265617468696E6720746F67676C66
:10098000653A2025750A006261636B6C696768745B
:1009900020737465703A2025750A006261636B6C80
:1009A000696768742064697361626C650A006261DA
:1009B000636B6C6967687420656E61626C650A00C0
:1009C0006261636B6C6967687420746F67676C65DC
:1009D0003A2025750A006261636B6C696768742050
:1009E00064656372656173653A2025750A0062610A
:1009F000636B6C6967687420696E637265617365A7
:100A00003A2025750A006261636B6C696768745FE0
:100A1000696E6974206261636B6C696768745F6397
:100A20006F6E6669672E76616C6964203D20302E9A
:100A30002057726974652064656661756C742076F0
:100A4000616C75657320746F20454550524F4D2E73
:100A50000A00000000000000000000000001010288
:100A600003040506080A0C0F1114181C2024292E53
:100A700033393F464C535B626A7179818A929AA2FC
:100A8000AAB2B9C1C8CFD5DCE1E7EBF0F4F7FAFCC4
:100A9000FDFEFFFEFDFCFAF7F4F0EBE7E1DCD5CF5D
:100AA000C8C1B9B2AAA29A928A8179716A625B536B
:100AB0004C463F39332E2924201C1814110F0C0AE0
:100AC0000806050403020101000000000000000008
:100AD0000000000101010101010101010202020205
:100AE00002020202020303030303030303040404D8
:100AF00004040404050505050506060606060707A1
:100B000007070708080808090909090A0A0A0B0B58
:100B10000B0C0C0C0D0D0D0E0E0E0F0F0F101011F7
:100B2000111112121313141415151616171718187D
:100B300019191A1A1B1B1C1D1D1E1E1F20202122E5
:100B400022232424252626272829292A2B2C2D2D2B
:100B50002E2F30313232333435363738393A3B3C48
:100B60003D3E3F404142434445464748494A4C4D3B
:100B70004E4F50515354555658595A5B5D5E5F6104
:100B80006264656668696B6C6D6F70727375777897
:100B90007A7B7D7E8082838587888A8C8E8F9193F5
:100BA0009596989A9C9EA0A2A3A5A7A9ABADAFB11C
:100BB000B3B5B7BABCBEC0C2C4C6C9CBCDCFD1D401
:100BC000D6D8DBDDDFE2E4E7E9EBEEF0F3F5F8FAA7
:100BD000FDFF6F6C65645F6F666620636D64206601
:100BE00061696C65640A0000AE6F6C65645F6F6E6E
:100BF00020636D64206661696C65640A0000AF6FF4
:100C00006C65645F72656E6465723930206461740E
:100C100061206661696C65640A006F6C65645F726F
:100C2000656E6465722064617461206661696C65DB
:100C3000640A006F6C65645F72656E646572206F34
:100C4000666673657420636F6D6D616E64206661A6
:100C5000696C65640A00646973706C61795F7365BF
:100C600074757032206661696C65640A0000DA028E
:100C700081FFD9F1DB20A4A62EAF646973706C618B
:100C8000795F666C6970706564206661696C656423
:100C90000A0000A0C0D3006F6C65645F696E697460
:100CA00020636D64206E6F726D616C20726F746171
:100CB00074696F6E206661696C65640A0000A1C882
:100CC000D3006F6C65645F696E697420636D642026
:100CD0007365742031206661696C65640A0000AE3A
:100CE000D580A81F408D14200007087F0807003E0C
:100CF0006B4F6B3E00C194B094C1001C3E7C3E1C07
:100D000000183C7E3C18001C577D571C001C5E7F61
:100D10005E1C0000183C180000FFE7C3E7FF00005E
:100D20001824180000FFE7DBE7FF0030483A060E02
:100D300000262979292600407F05050700407F0508
:100D4000253F005A3CE73C5A007F3E1C1C08000827
:100D50001C1C3E7F0014227F2214005F5F005F5F37
:100D60000006097F017F00006689956A0060606067
:100D700060600094A2FFA2940008047E04080010A2
:100D8000207E20100008082A1C0800081C2A0808D9
:100D9000001E10101010000C1E0C1E0C0030383EEF
:100DA000383000060E3E0E06000000000000000075
:100DB000005F000000000700070000147F147F148C
:100DC00000242A7F2A120023130864620036495641
:100DD000205000000807030000001C224100000012
:100DE00041221C00002A1C7F1C2A0008083E08081B
:100DF000000080703000000808080808000000604B
:100E00006000002010080402003E5149453E0000E9
:100E1000427F4000007249494946002141494D3313
:100E2000001814127F10002745454539003C4A49F7
:100E30004931004121110907003649494936004628
:100E40004949291E00000014000000004034000041
:100E5000000008142241001414141414000041224C
:100E60001408000201590906003E415D594E007CFC
:100E70001211127C007F49494936003E414141220E
:100E8000007F4141413E007F49494941007F0909B6
:100E90000901003E41415173007F0808087F0000AE
:100EA000417F4100002040413F01007F0814224162
:100EB000007F40404040007F021C027F007F04080A
:100EC000107F003E4141413E007F09090906003E76
:100ED0004151215E007F09192946002649494932BE
:100EE0000003017F0103003F4040403F001F2040BE
:100EF000201F003F4038403F006314081463000384
:100F000004780403006159494D4300007F41414189
:100F100000020408102000004141417F000402014A
:100F20000204004040404040000003070800002049
:100F300054547840007F28444438003844444428BE
:100F400000384444287F0038545454180000087E68
:100F500009020018A4A49C78007F0804047800000B
:100F6000447D4000002040403D00007F10284400A8
:100F70000000417F4000007C04780478007C080475
:100F8000047800384444443800FC1824241800181D
:100F9000242418FC007C08040408004854545424F9
:100FA0000004043F4424003C4040207C001C2040BE
:100FB000201C003C4030403C004428102844004C99
:100FC0009090907C004464544C44000008364100EA
:100FD0000000007700000000413608000002010216
:100FE0000402003C2623263C000000000000000014
:100FF000008080E0F0F0FC70FCF07CF0FC70FCF015
:10100000F0E0808000000000000000000080808090
:1010100000000080800000000000808000808000D0
:1010200000008080000000000080808080800080C0
:101030008000000000000000000000000000000030
:1010400000000000000000000000000000000000A0
:101050000000000000000000000000000000000090
:101060000000000000000000C0F0F8FC3E1E060179
:101070000000007F4141417F007F4141417F0000EE
:1010800080C0E07E5B4F5BFEC00000C000DCD7DEAE
:10109000DEDED7DC00C00000000000000000000021
:1010A0000000000000000000000000000000000040
:1010B00000AAAAFFFFFFFFE0DFDF00DFDFE0FFFFA6
:1010C000FFFFAAAA000000000000003E7FC1C1C1CE
:1010D0007F3E00FFFF0F3C783C0FFFFF00FFFF1C2F
:1010E0003E77E3C10000000000FFFF19191900FD61
:1010F000FD00FEFC060600FEFC0606FCFC0606FEE5
:10110000FC001E7CE0780C78E07C1E0064F6929275
:101110007EFC00FEFC0606003C7ED2D2DE4C0000C7
:101120000000000000000000030F1F3F3C787060CB
:101130000000007F4141417F007F4141417F0030FD
:101140007B7F7830202030787F3B0003000F7F0FBB
:101150000F0F7F0F000300000000000000000000E0
:10116000000000000000000000000000000000007F
:101170000000000307071F071F071F071F071F07A0
:101180000703000000000000000000000000000154
:10119000030200000000000000000000000000004A
:1011A000000000000000000000000000000000003F
:1011B000000000000000000000000000000000002F
:1011C000000000000000000000000000000000001F
:1011D000000000000000000000000000000000000F
:1011E00000000000000000000000000000000000FF
:1011F00000000000000000000000000000000000EF
:1012000000000000000000000000000000000000DE
:1012100000000000000000000000000000000000CE
:10122000000000000000000000313A0964656C61B4
:1012300079282A31306D73293A2025750A323A0906
:10124000696E74657276616C286D73293A20257514
:101250000A333A096D61785F73706565643A2025D9
:10126000750A343A0974696D655F746F5F6D6178F2
:101270003A2025750A353A09776865656C5F6D61B6
:10128000785F73706565643A2025750A363A097788
:101290006865656C5F74696D655F746F5F6D6178BB
:1012A0003A2025750A00703A097072696E742076CA
:1012B000616C7565730A643A0973657420646566C8
:1012C00061756C74730A75703A092B310A646E3A51
:1012D000092D310A6C743A092B31300A72743A09BB
:1012E0002D31300A4553432F713A09717569740ADB
:1012F0000A7370656564203D2064656C7461202A02
:10130000206D61785F7370656564202A202872659E
:1013100070656174202F2074696D655F746F5F6DF7
:101320006178290A77686572652064656C74613A32
:1013300020637572736F723D25642C207768656534
:101340006C3D25640A53656520687474703A2F2FCC
:10135000656E2E77696B6970656469612E6F72675F
:101360002F77696B692F4D6F7573655F6B65797347
:101370000A004D3E20004D25753A25733E20003F62
:101380000A003D2025750A003F0A00646566617504
:101390006C74730A0025750A003F0A000A092D20A3
:1013A00056616C756573202D0A00710A000A092DBB
:1013B000204D6F7573656B6579202D0A003F0043E2
:1013C0003E20004C25640A000A092D2053746174E4
:1013D0007573202D0A686F73745F6B6579626F6136
:1013E00072645F6C65647328293A20253032580A8C
:1013F0006B6579626F6172645F70726F746F636F37
:101400006C3A20253032580A6B6579626F617264DC
:101410005F69646C653A20253032580A6B65796DD6
:1014200061705F636F6E6669672E6E6B726F3A20D4
:10143000253032580A74696D65725F726561643374
:101440003228293A202530386C580A002573000AC2
:10145000092D20436F6E736F6C65202D0A45534331
:101460002F713A09717569740A6D3A096D6F757358
:10147000656B65790A000A092D204D616769632053
:101480002D0A443A094465627567204D657373619E
:10149000676520546F67676C650A583A094D617437
:1014A000726978204465627567204D6F64652054C9
:1014B0006F67676C65202D2053686F77206B6579A7
:1014C0007072657373657320696E206D61747269E3
:1014D0007820677269640A4B3A094B6579626F61DB
:1014E000726420446562756720546F67676C65207D
:1014F0002D2053686F77206B657970726573732048
:101500007265706F72740A4D3A094465627567209E
:101510004D6F75736520546F67676C650A563A099D
:1015200056657273696F6E0A533A09537461747524
:10153000730A433A09416374697661746520436FA5
:101540006E736F6C65204D6F64650A46312D4631B0
:10155000303A0953776974636820746F204C61795D
:10156000657220302D392028463130203D204C3006
:10157000290A302D393A0953776974636820746FEA
:10158000204C6179657220302D390A475241564509
:101590003A0953776974636820746F204C617965E8
:1015A0007220302028616C7465726E617465290A3E
:1015B000423A094A756D7020746F20426F6F746CE7
:1015C0006F616465720A4553433A094A756D70202C
:1015D000746F20426F6F746C6F6164657220286154
:1015E0006C7465726E617465290A453A09507269B6
:1015F0006E7420454550524F4D2053657474696E8A
:1016000067730A4241434B53504143453A09436C87
:1016100065617220454550524F4D0A4E3A094E4B76
:10162000524F20546F67676C650A006261636B6C90
:10163000696768745F636F6E6669672E7261773A77
:1016400020253032580A2E656E61626C653A20257D
:10165000750A2E6C6576656C3A2025750A006B65F7
:10166000796D61705F636F6E6669672E7261773A3C
:1016700020253032580A2E737761705F636F6E7465
:10168000726F6C5F636170736C6F636B3A2025756A
:101690000A2E636170736C6F636B5F746F5F636F4F
:1016A0006E74726F6C3A2025750A2E737761705FC5
:1016B0006C63746C5F6C6775693A2025750A2E73CC
:1016C0007761705F7263746C5F726775693A202529
:1016D000750A2E737761705F6C616C745F6C6775EF
:1016E000693A2025750A2E737761705F72616C7498
:1016F0005F726775693A2025750A2E6E6F5F677590
:10170000693A2025750A2E737761705F677261767A
:10171000655F6573633A2025750A2E737761705F84
:101720006261636B736C6173685F6261636B73703A
:101730006163653A2025750A2E6E6B726F3A20251B
:10174000750A2E737761705F6573636170655F639F
:101750006170736C6F636B3A2025750A0064656273
:1017600075675F636F6E6669672E7261773A2025D1
:101770003032580A2E656E61626C653A2025750A12
:101780002E6D61747269783A2025750A2E6B657921
:10179000626F6172643A2025750A2E6D6F757365EC
:1017A0003A2025750A006565636F6E6669673A0AB7
:1017B00064656661756C745F6C617965723A202549
:1017C0006C750A003F004E4B524F3A206F66660A16
:1017D000004E4B524F3A206F6E0A000A6D6F7573C0
:1017E000653A206F66660A000A6D6F7573653A2068
:1017F0006F6E0A000A6B6579626F6172643A206FDE
:1018000066660A000A6B6579626F6172643A206FDE
:101810006E0A000A6D61747269783A206F66660A12
:10182000000A6D61747269783A206F6E0A000A646A
:10183000656275673A206F66660A000A64656275BC
:10184000673A206F6E0A000A0A4A756D70696E6702
:1018500020746F20626F6F746C6F616465722E2EDE
:101860002E2000433E2000436C656172696E672044
:10187000454550524F4D0A00290A002575002F009A
:101880002575005D280025640020002564002000E7
:1018900025640020002564007C0025303258006D4E
:1018A0006F7573656B6579205B62746E7C782079E7
:1018B000207620685D287265702F61636C293A205C
:1018C0005B0000000000000000002A2B2800000040
:1018D00000000000000000000000000000290000DF
:1018E00000002C1E3420212224342627252E362DBC
:1018F0003738271E1F202122232425263333362E56
:1019000037381F0405060708090A0B0C0D0E0F10C7
:101910001112131415161718191A1B1C1D2F31300C
:10192000232D350405060708090A0B0C0D0E0F10B0
:101930001112131415161718191A1B1C1D2F3130EC
:10194000354C000000000000000000000000000016
:101950000000000000000000000000000000000087
:101960000000000000007E0F00D4FFFFFFC7000052
:1019700000780A002530325820006E6B726F5F725B
:1019800065706F72743A2025303258207C20000A2E
:10199000002530325820006B6579626F6172645F98
:1019A0007265706F72743A2025303258207C2000A6
:1019B00064656C5F6B65795F6269743A2063616E20
:1019C00027742064656C3A20253032580A0061641F
:1019D000645F6B65795F6269743A2063616E277436
:1019E000206164643A20253032580A0073757370A0
:1019F000656E64696E67206B6579626F6172640DF4
:101A00000A005B575D005B535D005B525D005B4409
:101A10005D005B435D000C034D0030006C006C000A
:101A200079000000200354006800650020004B008E
:101A300065007900200043006F006D0070006100B8
:101A40006E00790000000403090409027400040117
:101A500000A0FA090400000103010100092111019D
:101A60000001224400070581030800010904010068
:101A700002030000000921110100012222000705D4
:101A8000820320000107050303200001090402006E
:101A9000010300000009211101000122B80007051F
:101AA0008403200001090403000103000000092150
:101AB0001101000122150007058503200001120114
:101AC0000002000000084B54040001000102000164
:101AD0000631FF0974A1010975150026FF00952044
:101AE00075088102C00660FF0961A1010962150045
:101AF00026FF009520750881020963150026FF0066
:101B0000952075089102C005010902A1018502090D
:101B100001A100050919012908150025019508757D
:101B20000181020501093009311581257F95027572
:101B300008810609381581257F95017508810605FC
:101B40000C0A38021581257F950175088106C0C0F1
:101B500005010980A10185031A81002A8F001681E1
:101B600000268F00950175108100C0050C0901A1A8
:101B700001850419012AA002150126A0029501750C
:101B8000108100C005010906A1018506050719E0BD
:101B900029E715002501950875018102050719003F
:101BA00029EF1500250195F075018102050819013D
:101BB0002905950575019102950175039101C005EF
:101BC000010906A101050719E029E715002501957E
:101BD0000875018102950175088101050719002921
:101BE000FF150026FF0095067508810005081901FC
:101BF00029051500250195057501910295017503CB
:101C00009101C00011241FBECFEFD0E2DEBFCDBFD7
:101C100004B603FE19C08091FC079091FD07A091C6
:101C2000FE07B091FF078730904BA740B04B61F49F
:101C30001092FC071092FD071092FE071092FF070A
:101C4000E0E0F0EF099500C013E0A0E0B1E0EEECB9
:101C5000F8E900E00BBF02C007900D92A434B10771
:101C6000D9F727E0A4E4B3E001C01D92AC3FB2076E
:101C7000E1F70E94721F0C94A74B0C940000FF9395
:101C8000EF93E0914403F0914503309709F00995F3
:101C9000EF91FF910895FC018591803011F0EFDF05
:101CA000FBCF0895FF27E0E230E247FF0CC04195EB
:101CB00097FF09C0EDE26095709580959095611D44
:101CC000711D811D911D27FF02C0219530E350E257
:101CD000AA27660F771F881F991FAA1FA41710F045
:101CE000A41B63955A95A9F7AA3008F0A95FA05DD7
:101CF000AF93F395611571058105910541F7ED32BB
:101D000011F4EF93F395F21718F43F93F395FBCF8B
:101D10008F91B5DFFA95E1F70895E991F9918591F1
:101D2000803021F0853219F0AADFF9CF089520E044
:101D3000E89455915532C1F3503311F4689455919C
:101D40005A3348F4505390F3220F022E220F220FE1
:101D5000200D250FF4CF0EF42195899199915336DA
:101D600019F3533729F1533559F1BC0188279927C5
:101D7000E8945C3621F48991999168945591543690
:101D800039F446EF7EF077FF0DC08FEF9FEF0AC06A
:101D900055374AE039F0583540E121F0523642E0FB
:101DA00009F00895FF93EF937DDFEF91FF91B7CF97
:101DB000FF93EF93FC0181918030B9F360DFFBCF9B
:101DC000FF93EF9368DFF1CFDF93CF93CDB7DEB70B
:101DD0002596A3DFCF91DF9108955098589A519896
:101DE000599A279A2F9A0C94E019CF9360E086EEC7
:101DF00090E00E94FF2C60E08EED90E00E94FF2CAE
:101E00008091700358D18230A9F140F581112EC024
:101E100060E088ED90E00E94FF2C0E94D43CC82F27
:101E200081EB90E0C0FD02C08CEA90E060E00E948F
:101E3000FF2C87EA90E0C1FD02C082EA90E060E0FA
:101E40000E94FF2C8DE990E0C2FD02C088E990E07D
:101E500060E00E94FF2C80E0CF910895833071F004
:101E600060E086EB90E00E94102DD7CF60E080ED1F
:101E700090E0D1CF60E088EC90E0CDCF60E080ECE6
:101E800090E0C9CF8430C8F46530B8F44331A8F489
:101E900050E093E1699F400D511D11249FE5899FFA
:101EA000400D511D1124FA01EE0FFF1FE351FF4FAA
:101EB00085919591282F822F089521E090E0FBCF06
:101EC00081E0089581E00895FBCF089581E00895B1
:101ED00081E00895FDCF089508950895FDCF0895F8
:101EE00008950895A6E0B0E0E8E7FFE00C948D4A7D
:101EF00049835A839E8330914B0389819A813111A2
:101F000017C03E81311589F0211579F0BED5182F03
:101F1000682F89819A8198D569817A81812F0E9461
:101F2000BC1B2696E3E00C94A94A9FD5182FF4CF4A
:101F3000ACD569817A81F3CFFC01262F4081518194
:101F40006281738184819581CDCFCF93DF93EC0142
:101F500061E0F2DFBE01B6DF811529F061E0CE015C
:101F6000EBDFBE01B1DFDF91CF9108950F931F9397
:101F7000CF93DF93EC0160E0DFDF8C01BE01ADDFCA
:101F8000BE01C801ABDFDF91CF911F910F91089582
:101F90000F931F93CF93DF93EC0161E0CDDF8C01B2
:101FA0008D8181110E94E427BE01C8018FDF81115C
:101FB00006C080E0DF91CF911F910F910895BE017F
:101FC000C80188DF8115A9F3BE01C8010E94DF3A6C
:101FD000811579F3BE01C8010E949929811549F341
:101FE000BE01C8010E941A3A811519F3BE01C80149
:101FF0000E94EF348115E9F2BE01C8010E94C43489
:102000008115B9F2BE01C8010E948C1F811589F2A9
:10201000BE01C8010E945A3A811559F2BE01C80199
:102020000E94BD1C811529F2BE01C8010E94CF1C6F
:10203000811509F4BECFBE01C8010E94E91CBACFC8
:1020400091E001C0990F8A95EAF7892F5CC4CF937C
:10205000C82F81E00C2E01C0880F0A94EAF70E9475
:1020600099198C2FEDDFCF91089581E0089581E0DB
:102070000895FBCF0895CF93C82FF6D38C2FF7DFA9
:102080008C2FF7DFCF91089581E0F5DF0C94A3400A
:1020900080E0F1DF0C94C74023DF0E94863F80E0A0
:1020A0000E947C2976D00C94432E0E944F2873D036
:1020B00018DF0C948A3F982F92959F7061F420E06E
:1020C000982F892F8695869511F02E5F982F892F4E
:1020D0008695820F089524E0F4CF8295982F990F6A
:1020E000990F9C7C869586958373982B892F880FF2
:1020F0008A7A96959575892B08950F931F93CF93A0
:10210000C92FEBDF082F8C2FE8DF902FCF911F9185
:102110000F910895A6E0B0E0E0E9F0E10C94864A62
:102120007B018C01CB01E9DF89839A83C801E5DF5C
:10213000A980BA808501BC01C8012696EAE00C940A
:10214000A24A81E0089580FF08C05A9A81FF07C023
:102150005B9A82FF06C05C9A08955A98F7CF5B9805
:10216000F8CF5C980895CF93DF93D82FEADFC82F7C
:10217000811511F08D2FE7DF8C2FDF91CF9108951E
:10218000529A5A98539A5B98549A5C980895EBCF58
:10219000089580E0FCCF0E94C53CF9CFCF930E9408
:1021A000C53CC82F809146038C17F1F0C0934603BD
:1021B0000E947340609347037093480380934903E0
:1021C00090934A03809112048570853059F41F92D0
:1021D000CF9385EE93E09F938F93F6DD0F900F9052
:1021E0000F900F908C2FD3DFCF910895ADE0B0E02A
:1021F000ECEFF0E10C948E4A488759876A877B8719
:102200008C879D8791116AD71F8286E0FE013896E0
:102210009E012F5F3F4FD90101900D928A95E1F702
:102220008D8181110CC029813A814B815C816D8146
:102230007E818F819ED62D96E2E00C94AA4ACE0133
:10224000019683DE8111EFCFF6CFFC01248121308E
:1022500019F48081918145C40895611521F00E948F
:102260004B360C9400370E948B36FBCFCF93C82F90
:102270008115B9F08238B9F40E94D43C81FD11C0B7
:1022800089E30E94B83EB5D78FEF97EE23E08150E7
:1022900090402040E1F700C0000089E30E94CF3E5B
:1022A000A8D7CF910895833899F40E94D43C80FD3B
:1022B000F8CF83E50E94B83E9CD78FEF91EE24E0E3
:1022C000815090402040E1F700C0000083E5E6CF58
:1022D000843899F40E94D43C82FDE3CF87E40E94C5
:1022E000B83E87D78FEF91EE24E081509040204098
:1022F000E1F700C0000087E4D1CF8450813A90F428
:102300008C2F0E9405328111CCCF8C2F0E94103E61
:10231000811521F08C2F0E94CF3E6BD78C2F0E940D
:10232000B83EBECF8C2F805E883048F481E0C1FD7E
:1023300084E0C0FD880FC2FD8295B1D6B1CF8C2F4D
:10234000855A833030F48C2F8452990B0E948F3D34
:10235000A8CFEC2FE85AEB3150F4F0E0EE0FFF1F5E
:10236000E15CFE4F808191810E94B63D9ACF8C2F17
:102370008D5C833108F095CF61E08C2F6EDF91CFBB
:10238000811509F44EC0823861F40E94D43C81FF6B
:1023900048C089E30E94B83E2CD789E30E94CF3E13
:1023A00028C7833851F40E94D43C80FF3AC083E5AB
:1023B0000E94B83E1ED783E5F1CF843851F40E94C5
:1023C000D43C82FF2EC087E40E94B83E12D787E437
:1023D000E5CF982F9450913A08F3982F905E98305B
:1023E00050F4982F81E091FD84E090FD880F92FDDC
:1023F00082955BD6D5CF982F955A933020F480E004
:1024000090E00C948F3D982F985A9B3120F480E0F7
:1024100090E00C94B63D982F9D5C933110F460E0F1
:102420001CCF08951F93CF93DF93182FEB011EDF6E
:10243000209731F4812FA4DFDF91CF911F91089570
:102440008FE99FE00197F1F700C000002197F0CFDE
:1024500060E570E0893311F060E070E0E3CF811552
:1024600011F01DD6C6C60895811511F01ED6C1C63D
:102470000895A0E0B0E0EFE3F2E10C94884A6C012B
:10248000D62FC72FFC011581068102950F70FCD550
:10249000E82E8115E9F0E12E1115D1F08C2F807F07
:1024A000803461F08D2F805E8830E0F08C2F807E4C
:1024B000803221F4D230B0F00115A1F080913905BD
:1024C00082FF10C082E0B9D6DFD591E08927E82EDF
:1024D000EC2FE295EF70C03C78F5F0E0E755F44B57
:1024E0000C945E4AE12CF4CF0C2F0F70C03110F029
:1024F0000295007F111581F0011549F08D2F805E46
:10250000883010F0D11105C0802FC9D572D68D2F1B
:1025100040C0802FD5D5FACF8D2F32DF011561F065
:102520008D2F805E883010F0D11103C0802FBDD573
:1025300002C0802FCBD55DD6E11409F4AEC0A0D582
:1025400080FDABC0F601158295D5FFD1C6015DD1E6
:1025500091D504D2A2C08C2F8F70F82EC07FC032CC
:1025600019F0F29480EFF822D13038F079F111159A
:1025700009F438C00115C9F0CACF8091390582FD30
:1025800010C0111541F0F11419F08F2D88D531D6F6
:1025900080E06CDED1CF80E0F3DEF11469F28F2DA4
:1025A000C6CF111551F0013018F48F2D58DFC4CF6C
:1025B00009F0C2CF8F2DA6D5BFCF0111BDCF8F2D72
:1025C00053DF8F2DAAD58F2D8FD5B6CF111521F0C2
:1025D000063008F0B1CFE9CF053008F0ADCF8F2D30
:1025E00043DFAACF0115D9F3D93349F48FEF97EE22
:1025F00023E0815090402040E1F700C000008D2F83
:10260000BFDE9ACF8C2F869586958370813060F0DF
:1026100009F092CF8D2F9C2F9370111102C080E092
:1026200090E00E94B63D88CF8D2F9C2F93701111A2
:1026300002C080E090E00E948F3D7ECF612F8D2F01
:102640000CDE7ACF8C2F837099F5111123C09D2F4A
:10265000929596959770990F990F4D2F4F70092E5F
:1026600001C0440F0A94EAF78D2F8071D4FF07C090
:102670002FE001C0220F9A95EAF7822F8095C69528
:10268000C695C370842BC23079F0C33079F0C13065
:1026900049F03FD10E94C53C7ADDCDB7DEB7E8E016
:1026A0000C94A44A32D1F6CF38D1F4CF2CD1F2CF4A
:1026B000111531F1C0FFEECF9D2F92959695977031
:1026C000990F990F4D2F4F70092E01C0440F0A9496
:1026D000EAF78D2F8071D4FF07C02FE001C0220FD1
:1026E0009A95EAF7822F8095C695C695C370842B7C
:1026F000C23059F0C33059F0C13029F047D1CACFA8
:10270000823040F2D9CF3ED1C5CF44D1C3CF0FD113
:10271000C1CFCF70111529F08C2F17D18D2F9FDECF
:10272000B9CF8D2FA1DE8C2F19D1B4CFD23F31F18B
:1027300068F4D03FC1F0D13F89F0111509F43EC0D3
:10274000011509F438C08D2F91DDA4CFD33FE1F0FE
:10275000D43F99F78091390582FD1EC08C2F8F716F
:10276000111511F30FC0111539F0053008F092CF93
:102770008C2F8F71FED08ECF0630F8CF8C2F8F71BB
:102780001111D2CFE2D086CF111521F08C2F8F718D
:10279000D5D080CFD1D07ECF111529F063E08C2F1A
:1027A0008F7134D577CF81E048D5023008F472CFED
:1027B00082E043D56FCF8C2F8F71E4CF011571F07C
:1027C000D93349F48FEF97EE23E0815090402040B9
:1027D000E1F700C000008D2FD3DD5CCF8C2F8F710F
:1027E000A3CF0F931F93CF93DF93EC01688179817F
:1027F0008D8180D18C01D2D085D0B801CE0139DE57
:10280000DF91CF911F910F910895CF93DF93EC014A
:102810008C81811581F0CE01BBDB81110FC034D4D6
:10282000811549F08D81811531F08091390582FF44
:1028300002C082E002D5DF91CF910895CE01D1DFB1
:10284000CE0194DBF8CF80E090E00E948F3D80E0E5
:1028500090E00E94B63D42D4CCD40E94B9370C948B
:1028600000370E94E63EEFCF28D4FBCF282F929569
:102870009F70963099F060F4925F9F70923030F4C0
:10288000203FB1F038F481E0283E38F080E0089530
:102890009A5FF3CF81E0243FC9F7089591E0813F2B
:1028A00009F090E081E0283E08F080E0892B08954F
:1028B00081E00895FC012481211521F0808191811E
:1028C00010D1D4CF80E00895A6E0B0E0EAE6F4E1CC
:1028D0000C948E4A2696E2E00C94AA4AA7E0B0E057
:1028E000E4E7F4E10C948E4A2796E2E00C94AA4ABD
:1028F0000895FECF0895FDCF0895FADFFCDF8093A1
:10290000710308950895F9CF089590917103892B6B
:10291000F4CF909171038923F0CF909171038927AF
:10292000ECCFE6CF0895FDCF0895E2CF0895FDDF07
:10293000FADF80937003089580E0F9CF91E001C041
:10294000990F8A95EAF7892FF2CF21E001C0220F73
:102950008A95EAF780917003822BE9CF21E001C0CC
:10296000220F8A95EAF7822F809590917003892330
:10297000DECF21E001C0220F8A95EAF78091700333
:102980008227D5CF90917003892BD1CF909170037E
:102990008923CDCF909170038927C9CF0895CF9314
:1029A000C1E061FDC4E060FDCC0F62FDC29593E023
:1029B000769567959A95E1F79B01220F331F260FB5
:1029C000371F420F531FFA0140E050E090E0619141
:1029D000DF019C01042E02C0369527950A94E2F788
:1029E0002695220B26272C2326272E934F5F5F4FF9
:1029F0004330510561F7CF910895A82FA77023E0C8
:102A0000969587952A95E1F79C01220F331F820F37
:102A1000931F680F791FFB0140E050E080E0219197
:102A200030E00A2E02C0369527950A94E2F721700D
:102A3000042E01C0220F0A94EAF7822B4F5F5F4FEA
:102A40004330510561F70895262F953068F483319E
:102A500058F4682F70E083E1989F600D711D112478
:102A60004CE453E0822F9BCF0895292F953058F4E2
:102A7000833148F490E06CE473E033E1239F800DF0
:102A8000911D1124BACF80E00895CF92DF92FF927A
:102A90000F931F93CF93DF936C010091700380918C
:102AA0007103082BC3E0D0E010E0C8010C2E02C077
:102AB000959587950A94E2F780FD0CC02197A8F7B9
:102AC000F12C8F2DDF91CF911F910F91FF90DF900F
:102AD000CF900895FC2EB6018C2F59D6019771F333
:102AE000F0CFCF93DF93EC01D0DFBE0150D6DF9162
:102AF000CF9108951F93CF93DF93EB0190914B03F8
:102B0000911531F0CB01EDDFDF91CF911F91089549
:102B1000811551F0CB01B9DF182F682FCE0194DF5A
:102B2000BE01812F34D6F0CFCB019FDF182FF8CF15
:102B3000E1E0F0E0DF0101C0AA0F6A95EAF76A2F31
:102B4000DF0101C0AA0F4A95EAF76A2B01C0EE0F18
:102B50002A95EAF7962F9823961302C08E2B089594
:102B6000E0958E230895242F462F682F80917003BF
:102B7000DFDFDDCE0F931F9300917203809173030B
:102B8000801303C01F910F91089587E0089FF00103
:102B90001124EC58FC4F20813181428153816481A2
:102BA000758186819BDE0F5F1F4F0770E7CF2091F5
:102BB000AC033091AD034091AE035091AF036091EF
:102BC000B0037091B1038091B20388CE8091B203BB
:102BD000803170F48091B103811551F0E09172035E
:102BE000209173033091AD034091AC032E1301C0CB
:102BF0000895BF0187E0E89FF0011124DF01AC5880
:102C0000BC4F14968C911497811549F111968C91B3
:102C10001197831324C08C91841321C015968C9135
:102C2000159781111CC012968D919D91A091AE03B4
:102C3000B091AF038A1B9B0B883C910580F4809177
:102C4000B2038F7080618093B203E658FC4F80819D
:102C50008F70806180838CEA93E0D7DD8BCF6F5FCC
:102C60007F4FFB01E770C2CFE09172039091730335
:102C7000E91302C080E008959F0157E0E59FF0014D
:102C80001124EC58FC4F5181561306C05081581343
:102C900003C05581541305C02F5F3F4FF901E77002
:102CA000E7CF81E008958F929F92AF92BF92DF921B
:102CB000EF92FF920F931F93CF93DF93CDB7DEB7C1
:102CC0002D970FB6F894DEBF0FBECDBF8C0186E006
:102CD000F801DE01189601900D928A95E1F7F8014E
:102CE000F58084819CEA892E93E0992E9091B0031F
:102CF000911117C0811509F4EFC0F11409F42EC128
:102D0000C801D8DD811509F429C187E0F801D40193
:102D100001900D928A95E1F7C40197DA57DF47DFFA
:102D2000DBC0E080A280B380D090B1032091AE03DD
:102D30003091AF03A501421B530BD11409F4CFC04E
:102D4000483C510508F09EC0811509F4C5C090911A
:102D5000AD0391808091B203803108F065C0991273
:102D600026C09091AC039E1122C0F11057C08F7005
:102D700080618093B2031BDF8CEA93E046DD809193
:102D8000B203F8018683F12C8F2D2D960FB6F8949F
:102D9000DEBF0FBECDBFDF91CF911F910F91FF908E
:102DA000EF90DF90BF90AF909F908F900895F110BB
:102DB00035C040E0692D8E2D57DF40E0692D8E2D06
:102DC00053DFF82E8111DFCF888599858ADE292F80
:102DD00022952F70903450F49F70223078F0911526
:102DE00091F0F8019681903170F4CECF2A5F2F7068
:102DF000223070F0C80109DDFD2CC6CF911519F005
:102E0000811509F4C1CF805E883008F4BDCFF2CFC0
:102E1000803F08F4B9CF815F8330F7CF8091B20350
:102E200081608093B203AFCF991207C09091AC0339
:102E30009E1103C0F11409F473C0C8013BDD811574
:102E400009F48CC0F11409F489C08091B203803276
:102E500080F02091AC033091AD0329833A83AB829B
:102E6000BC829091B0039D831E828F83CE01019618
:102E7000CCDC87E0F801ACEAB3E001900D928A95D2
:102E8000E1F74CCF9091B203903188F44885598591
:102E90006A857B858C859D8517DD8CEA93E0B5DCA2
:102EA000F40187E011928A95E9F781DE6CCF8115F4
:102EB00099F02091AD0381812813BFCF8091AC039D
:102EC0008E11BBCFF110B9CF9683C8019EDCF401FF
:102ED00087E011928A95E9F7FF24F39455CF483C97
:102EE000510508F03EC08115B9F3F114B9F1909184
:102EF000AD038181981329C08091AC038E1125C048
:102F00008091B20380FD18C08031B0F08683807F4D
:102F1000803F39F08681982F907F905F8F70892B4A
:102F20008683C80172DC87E0F801ACEAB3E0019067
:102F30000D928A95E1F7F3CE87E0F801ACEAB3E0B1
:102F400001900D928A95E1F7C7CFC801B3DC8111DA
:102F500090CF8091B20381608093B203C80155DCA9
:102F6000BBCF488559856A857B858C859D85ACDC82
:102F700097CFAEE0B0E0EFEBF7E10C948D4A2887F5
:102F800039874A875B876C877D878E87CE01089655
:102F90008ADE6C85811599F0611539F028853985AF
:102FA0004A855B857D858E8599DC80917203909141
:102FB000730389133DC02E96E3E00C94A94A87E081
:102FC0009E01285F3F4FF90127503109D901019037
:102FD0000D928A95E1F7611541F3A09173038A2F51
:102FE00090E08395877090E0AC01209172032417E4
:102FF000150691F097E09A9FD0011124AC58BC4F70
:103000009E012F5F3F4FF90101900D929A95E1F7D4
:1030100040937303AFDDC9CF27DC10927303109286
:103020007203ECEAF3E087E011928A95E9F7BDCFED
:1030300017E0189FC00111248C589C4F34DE811575
:1030400009F4B9CFE09172031E9FF0011124EC58EE
:10305000FC4F208131814281538164817581868159
:103060003DDC809172039091730301968770809389
:1030700072039BCF8091DB03869586958695089594
:103080008091DB03877008959091DB03977081E056
:10309000911101C080E008958091070408959091F6
:1030A0000704982B9093070408958095982F80919A
:1030B0000704892380930704089510920704089554
:1030C00090910604982B9093060408958095982F6C
:1030D00080910604892380930604089510920604C3
:1030E00008950895FECF08959091DC03292F282399
:1030F00029F0809589238093DC03F4CF0895089507
:10310000FECF08959091DD03292F2823281721F061
:10311000982B9093DD03F4CF08959091DD03292F30
:10312000282329F0809589238093DD03E9CF089532
:103130008091DD03811521F01092DD0380E0E0CF66
:103140000895CF93C091070480910604C82B809105
:10315000DD03811529F0C82B0E94EA3D8111E8DFCB
:103160008C2FCF910895CF93DF93C0910601D0911A
:103170000701E7DF8883C0910601D091070148E08D
:1031800050E063ED73E0CE010E94294B892B59F08A
:1031900088E0FE01A3EDB3E001900D928A95E1F77E
:1031A000CE010E94D63CDF91CF910895CF93DF935B
:1031B000C0910401D0910501C4DF8983C09104014D
:1031C000D091050140E250E063EB73E0CE010E9434
:1031D000294B892B59F080E2FE01A3EBB3E001906B
:1031E0000D928A95E1F7CE010E94263DDF91CF91A5
:1031F00008950E94BE3C811529F08091380587FF13
:1032000001C0D4CFB0CF0895FECF08959091390575
:1032100092FF0EC0982F990F990F990F962B9093AC
:10322000DB0393DB8091DB03869586958695ECCF57
:103230008CCB1092DB0380E0E7CF9091DB0380958D
:1032400089238093DB03282F277059F4891749F0CD
:103250009091390592FF05C08695869586957EDB0F
:10326000E8CF0895CF93C82F8091390582FB992725
:1032700090F99C17C9F0C0FB82F98093390588E367
:1032800095E05BD082E0D9DF8091120480FF0CC012
:103290001F92CF9385EF93E09F938F930E94E40E4C
:1032A0000F900F900F900F90CF9108958091390556
:1032B000002482FF0394802DD5CF81E0D3CF80E01E
:1032C000D1CF80E090E0BC0162C480E090E0BC011E
:1032D00058D4F7CFA4E0B0E0E0E7F9E10C948E4ACF
:1032E000ADD3B8D31C82CE010496CBD381E08093BA
:1032F0007103D1D3198284E18A83CE010196DCD394
:103300001B82CE010396EAD305D70E94C73ADDDFC0
:103310002496E2E00C94AA4ADDCF0895A1C3089553
:103320008ED381110C948E3A0895A0C30895AFC333
:103330000895B1C30895B4C30895BEC30895C3C327
:103340000895CCC30895D0C3089502C4089525C438
:1033500008950895A6E0B0E0E0EBF9E10C948C4A02
:103360000E9467408C0180910804909109048017A5
:10337000910779F019821A820E946740BC01498145
:103380005A8180E090E00E94F610009308041093A8
:1033900009042696E4E00C94A84A0E9473406093C6
:1033A0000E0470930F0480931004909311046093A3
:1033B0000A0470930B0480930C0490930D040895F9
:1033C000089508950895FEDF0C94ED0E0895FECF44
:1033D00008950895FEDFFBCF8EE094E498D5F1DFE9
:1033E000F2CF81E0089581E00895FBCF089508951C
:1033F00008950895FCDFFCDFFCCF92DF811101C04E
:103400008BDF82E194E091DF88E395E094DF0E9416
:10341000F72E8DDF78DA8091700385DA9ACF0E94DB
:103420005E400E94D33AD7D4E8DF0E94BC3C0E94A1
:10343000C0100E94F02A80E00E94D22B0E944F28E8
:103440000E946C26C7CFA9E0B0E0E9E2FAE10C9453
:103450007E4AC9DF8F83811116C07CDF1F820E94E4
:10346000BD3C0E94E5270E94502A0E946A2E8F814F
:1034700081110E94132D0E94DA370E94CE102996E6
:10348000E2E10C949A4AB6D404E215E06801F12C0A
:10349000F60180809180A280B3808F2D89D3F39430
:1034A0002F2D253009F46CC024E0C20ED11C8616E5
:1034B0009706A806B90661F38091120481FD83D3B3
:1034C00094DF8987312C832D73D36B017C01F80144
:1034D00041905190619071908F01C414D504E6041D
:1034E000F70409F446C046265D2468267F24212C73
:1034F000A12CB12C45018394C201D30188219921CB
:10350000AA21BB21892B8A2B8B2B31F181E0888763
:10351000C601D70188219921AA21BB21892B8A2B99
:103520008B2B09F418868985811589F0622D832DEE
:103530000E94B33F81110BC029823A820E946740EA
:10354000BC0149815A8181E098850E94F610488526
:10355000622D832D0E94D43F2394880C991CAA1CB1
:10356000BB1C822D833141F6F801F292E292D29295
:10357000C2923394832D853009F0A5CF0EDF6FCF33
:1035800086169706A806B90609F096CF66CF0F9360
:103590001F93CF93DF93FDD0EC01D23508F050C0DC
:1035A000D03508F0C8C0C03ED10530F5CD3CD105BE
:1035B00008F09DC0C83AD10578F4C53AD10508F0A5
:1035C00093C0C130D105B1F1CE010497813A910584
:1035D00088F1C0E0D0E02EC0CE01885A91094B9707
:1035E000C0F7C85AD0E0CC0FDD1FCB58DE4F099092
:1035F000D881C02DD4641EC0D034A8F4D03208F0D5
:10360000ADC0C83ED105B0F0CE0191509F3108F752
:103610008D2F62D1082F8C2F90E0BBD0D02FDF717F
:10362000C82FD92B07C08C2F90E0B3D0DF70C82FE4
:10363000D92BD06ACE01DF91CF911F910F910895C0
:10364000C03882E5D807B8F5C03682E5D80708F05B
:1036500056C0C03482E5D807C8F4C03282E5D80726
:1036600008F047C08C2F8695869520E2829FC00186
:103670001124C37021E030E002C0220F331FCA952D
:10368000E2F7E901C82BD92BDD68D4CF8C2F8695C2
:103690008695877020E2829FC0011124C37021E0CB
:1036A00030E002C0220F331FCA95E2F7E901C82BB0
:1036B000D92BDC68BFCFC03C82E5D80750F48C2FF3
:1036C0008F71C03AD24580F5982F84EF906AEC0153
:1036D000B1CFCE01805C9245809708F07ACFDC2F85
:1036E000DF71C0EFD06AA6CFA497D064A3CFD06516
:1036F000A1CF8C2F8F71D82FC1EFD06A9BCF8C2F89
:1037000086958695877020E2829FC0011124C37040
:1037100021E030E002C0220F331FCA95E2F7E90131
:10372000C82BD92BDA6886CFD7D0982F80E09F712D
:10373000EC01D0627FCF8C2F8F71CED053E0CC0FB5
:10374000DD1F5A95E1F7DF70282F84FF04C090E158
:10375000899F90011124C22FD0696CCF8D2F8F715A
:10376000BBD0082F8C2F90E014D0302F3F71282F22
:10377000392B3062E9015ECF462F753028F4633172
:1037800018F4672F0C94C03280E090E00895F4DFC5
:10379000FECE803E9105D1F1C8F48133910509F444
:1037A00081C048F48932910509F471C08A329105CB
:1037B00009F47FC0089589339105E1F082389105BD
:1037C000C9F08533910509F45DC00895843E9105E3
:1037D000D1F148F4823E910531F1833E910541F1EA
:1037E00081EE90E00895863E9105C1F1873E9105F6
:1037F000F1F1089520913805237009F064C02091FB
:10380000390523FF14C089E290E00895209138051E
:1038100020FD45C03091390530FF09C024FD24C08A
:1038200083EE90E008952091380522FDF7CF0895AA
:103830002091380522FD44C03091390530FD43C048
:1038400024FFF5CF11C02091390521FFF0CF8091E1
:10385000380584FD09C087EE90E008952091380571
:1038600023FFE5CF24FFF7CF80E090E0089520917B
:10387000380523FD2BC03091390531FFE1CF84EEAF
:1038800090E008952091380525FFD1CFBCCF20913D
:10389000380525FD1EC02091390523FFC8CF89E3D7
:1038A00090E008952091380526FFC1CF8AE290E08C
:1038B00008952091380526FFBACF81E390E008955E
:1038C00082EE90E0089580EE90E0089586EE90E01C
:1038D000089585E390E008959091380592FF10C017
:1038E00041E0282F2471243009F040E031E0282FF6
:1038F0002871283009F030E0431711F02CE08227BE
:1039000093FF10C041E0282F2471243109F040E0DA
:1039100031E0282F2871283109F030E0431711F0E9
:103920002CE082273091390530FF10C051E0282F5C
:103930002171213009F050E041E0282F2871283012
:1039400009F040E0541711F029E0822731FF10C040
:1039500041E0282F2171213109F040E031E0282F8A
:103960002871283109F030E0431711F029E082274F
:1039700094FF02C083FD877E0895CF939C01205E53
:103980003245C1E02032310538F4FB01C581C11157
:1039900003C08F710E9427108C2FCF9108959C0136
:1039A000FB018581811599F02B359CE7390769F07A
:1039B0002C359CE7390721F02A353C4721F0089542
:1039C00075DC80E0089579DCFCCF79DCFACF81E00A
:1039D0000895FB012581211579F182303CE7930799
:1039E000A9F048F481153CE7930761F081309C47CA
:1039F00031F0822F089583309C47D9F78FDC0E94E5
:103A0000481002C00E94441020E0F3CF90911204AD
:103A1000892F8E7F90FF81608093120480FF09C000
:103A20008CE194E09F938F930E94E40E0F900F908F
:103A3000EBCF8AE094E0F6CF21E0DBCF089580E081
:103A400090E00E94434B9C0181E0233E3E4F09F0F1
:103A500080E0089563EE7EEF80E090E00C94714B7F
:103A60006FEF7FEF80E090E00C94714BCF93DF938A
:103A7000EC0182E090E00E94364B8883DF91CF9189
:103A80000895FC01608182E090E00C94574B83E044
:103A900090E00C94364B682F83E090E00C94574BE9
:103AA000CF93DF93EC0184E090E00E94434B888346
:103AB0009983DF91CF910895FC016081718184E049
:103AC00090E00C94714BCF93DF93EC0186E090E093
:103AD0000E94364B8883DF91CF910895FC0160816D
:103AE00086E090E00C94574B8F929F92AF92BF92DA
:103AF000CF92DF92EF92FF920F93CF93DF93EC017F
:103B000088E090E00E943E4B4B015C016883998203
:103B10008A83BB821C821D821E821F8283E290E008
:103B20000E94364B9401A50188823983AA825B8367
:103B30008C831D821E821F82DF91CF910F91FF9097
:103B4000EF90DF90CF90BF90AF909F908F900895AF
:103B50000F93CF93DF93EC01488159816A817B8178
:103B600088E090E00E94694B6C81262F60E070E055
:103B7000CB01622F83E20E94574BDF91CF910F91CF
:103B80000895AB01BC018FE090E00C94694BAB0150
:103B9000BC0183E190E00C94694B682F8EE090E0CB
:103BA0000C94574B0895FECF08950895FECF0895C5
:103BB00094E0899FF0011124E25BFA4F60817181EA
:103BC000828193810895A0E0B0E0E9EEFDE10C94DC
:103BD000884A8EE394E09F938F930E94E40E8EE4D4
:103BE000C82E85E0D82E0F900F90E12CF12C0FE21B
:103BF00014E0FF92EF9289E394E09F938F930E94E9
:103C0000E40E86E394E09F938F930E94E40EF60106
:103C100061917191819191916F010E948A109F939E
:103C20008F937F936F931F930F930E94E40E8DE207
:103C300094E09F938F930E94E40E8FEFE81AF80AA6
:103C40008DB79EB70E960FB6F8949EBF0FBE8DBF70
:103C500085E0E816F10469F6E8E00C94A44A80EAED
:103C60008A95F1F7089500C00895F9CF0895F89462
:103C7000E82FE295EF70F0E041A18F7021E001C0E4
:103C8000220F8A95EAF7922F9095942391A392A1FF
:103C9000822F892B82A378940895CF93DF93CEEB64
:103CA000D1E089918F3F09F0E2DF81E0C33CD80782
:103CB000C1F7CBEAD1E089918F3F09F0D8DF81E0ED
:103CC000CE3BD807C1F7DF91CF9108954F925F9215
:103CD0007F928F929F92AF92BF92CF92DF92EF929C
:103CE000FF920F931F93CF93DF932C01762EC62F55
:103CF000D0E08E0102541E4FF80120812F3F09F4BD
:103D00005AC0F894E22FE295EF70F0E031A12F70E5
:103D100081E001C0880F2A95EAF7932F982B91A391
:103D200092A18095892382A378949DDFEBEAF1E04C
:103D3000A12CB12C450183946501750181918F3FC0
:103D400089F0A82FA295AF70A05EB0E02C9130E072
:103D50008F7002C0359527958A95E2F7A401B501C9
:103D600020FF03C040E050E0BA01C42AD52AE62A69
:103D7000F72A880C991CAA1CBB1C81E0EE3BF807B3
:103D8000E9F6F80180818F3F09F071DF61E0C1142D
:103D9000D104E104F10409F460E0872D66DFCC0F63
:103DA000DD1FCC0FDD1FC2018C0F9D1FEC01C882EF
:103DB000D982EA82FB82DF91CF911F910F91FF9010
:103DC000EF90DF90CF90BF90AF909F908F907F90BB
:103DD0005F904F90089561DFEEE4F5E084E1119289
:103DE0008A95E9F7EAE3F5E084E111928A95E9F72B
:103DF0003CD0D9CEA4E1B0E0E0E0FFE10C948B4AE6
:103E0000FE013196DF0184E11D928A95E9F710E009
:103E10000E2FFF2E612F802F9F2D58DF812F8F5F58
:103E2000182F8530B9F744E150E0602F7F2D8AE3E9
:103E300095E00E94294B41E0892B69F440E06EE453
:103E400075E08AE395E012D0182FB0DE812F6496DA
:103E5000E5E00C94A74A84E1E02FFF2DAAE3B5E04A
:103E600001900D928A95E1F7EACF0895EF92FF92C3
:103E70000F931F93CF93DF938C017B01C42F4115C8
:103E800079F081E0809315040E94674080931304C9
:103E90009093140480E0CDB7DEB7E6E00C94A64A18
:103EA000D0911504D115B1F38091130490911404AD
:103EB0000E94F83F059770F344E150E0B801C70154
:103EC0000E94294B892B41F084E1F801D701019030
:103ED0000D928A95E1F7CD2F109215048C2FDBCF30
:103EE000B2CA08950E9401400E946F4475DA0E9490
:103EF000874495DA0E9490440E949344F1DF0E9427
:103F0000B5440E947E420E94AA4274DAF5CF8093A3
:103F10004403909345030895CF93DF93EC01FB0195
:103F20008581811104C081E0DF91CF910895B4D8DB
:103F30008272FE01E052F847EB30F105A0F7EB5436
:103F4000F44B0C945E4A4CD780E0EECF811521F003
:103F5000A2D6FACF8115E1F392D6F6CF811521F0E2
:103F600039D3F2CF8115E1F32BD3EECF811521F0B8
:103F70004BD3EACF8115E1F33AD3E6CF811521F097
:103F80005DD3E2CF8115E1F34CD3DECF811521F073
:103F900089D1DACF8115E1F376D1D6CFA0E0B0E0B8
:103FA000E4EDFFE10C94874A062FB72EE82F71113C
:103FB0000EC0411521F0F0E0EE52F54FE4916E2F66
:103FC0007E2F8E2FCDB7DEB7E9E00C94A34A4115C2
:103FD00021F0F0E0EE52F54FE49186E0089FE00119
:103FE00011242FEF30E0CE01B9010E94154AAB0138
:103FF000C801880F991FF5E5F49FB001F59F700D7A
:104000001124861B682F660F680FC9018B1991094F
:10401000E89FD001E99FB00D11248B2FB69E60015F
:104020001124CD2CD12C89010C191D096801E09FA8
:104030007001E19FF00C11244330510551F18901C9
:10404000061B1109B09E6001B19ED00C1124CD2C2D
:10405000D12C2C193D09E29F8001E39F100D112402
:10406000712FCC3FD34050F441305105B1F0423074
:10407000510561F47E2FEB2F812F08C0443051058C
:1040800079F04630510511F07B2F8F2D6E2FE82FE0
:1040900098CF7F2D8E2FEB2FF9CF7E2FEF2DF6CFE0
:1040A0008E2FE12F7B2FF2CF41E078CF0895FCCF08
:1040B000089590910B01291B922FE091F001F0914E
:1040C000F101242F462F682F892F90E0099508953C
:1040D000CF93DF93762FE901682F842FE8DF962FA7
:1040E000672F9E01482F892FE4DFDF91CF9108953C
:1040F00080916205843028F4837084608093620527
:1041000008958C3AE8F38370886AF8CFF1DF82E68D
:1041100095E01BC985E080936205109263058FEFDF
:1041200080936405809365051092660582E695E0AC
:104130000CC98091120480FF8BC08BEF97E09F9396
:104140008F930E94E40E809112040F900F9080FFD5
:104150007FC08091620581701F928F938EED97E0F2
:104160009F938F930E94E40E809112040F900F9002
:104170000F900F9080FF6CC08091620586958170D2
:104180001F928F938EEB97E09F938F930E94E40E84
:10419000809112040F900F900F900F9080FF58C0E5
:1041A00080916205869586951F928F9383EA97E0AA
:1041B0009F938F930E94E40E809112040F900F90B2
:1041C0000F900F9080FF44C0809163051F928F93E2
:1041D00089E897E09F938F930E94E40E80911204E8
:1041E0000F900F900F900F9080FF32C08091640568
:1041F0001F928F938FE697E09F938F930E94E40E18
:10420000809112040F900F900F900F9080FF20C0AC
:10421000809165051F928F9385E597E09F938F931B
:104220000E94E40E809112040F900F900F900F9057
:1042300080FF0EC0809166051F928F9389E397E0FF
:104240009F938F930E94E40E0F900F900F900F900A
:1042500008958091620580FF03C086958695089534
:1042600080E00895809162058170089590916605BF
:10427000933018F49F5F90936605811519F082E6DC
:1042800095E063C8089581E0F1CF9091660591159E
:1042900019F0915090936605811519F082E695E02A
:1042A00054C8089581E0F1CF809166050895809308
:1042B00066056115B1F082E695E047D88091120459
:1042C00080FF0EC0809166051F928F938AEB94E069
:1042D0009F938F930E94E40E0F900F900F900F907A
:1042E00008959091120490FFFBCF1F928F9387E95E
:1042F00094E0EECF60E0DBCF80916305089580917C
:10430000640508958091650508950F931F93CF93D9
:104310008091620580FF09C0E091F401F091F50100
:104320000995CF911F910F910895C0910D01809132
:10433000F0019091F1018C0180910E01C81760F796
:1043400080910B019C2F981B20E040E060E0892FBA
:1043500090E0F8010995CF5FEFCFEF92FF920F93B6
:104360001F93CF93DF93D82F162F042F80916205D0
:1043700080FF0CC0C0910D018091F0019091F1017E
:104380007C0180910E01C81730F0BFDFCDB7DEB7DA
:10439000E6E00C94A64A80910B019C2F981B202FDD
:1043A000412F6D2F892F90E0F7010995CF5FE9CF5D
:1043B000762F9091620590FF08C0682F842F77DEDA
:1043C000962F672F482F892FC8CF0895CF93DF935B
:1043D000EC01EC81F0E0E75DF74F4491E2E6F5E0B7
:1043E00062818181E5DF8C818F5F8C83DF91CF914A
:1043F0000895CF93DF93EC01E2E6F5E0438162811B
:104400008C81D6DF8C818F5F8C83DF91CF91089573
:10441000CF93DF93EC01209165059C81892F8170FA
:1044200090FD822F692F627091FD622F492F447099
:1044300092FD422F92DF8C81019687708C83DF91F1
:10444000CF910895A0E0B0E0E8E2F2E20C94804A57
:10445000682E062F142F422E9091620590FF40C0C7
:10446000E92FE695E695AE2FAD53BE4F8C91809324
:10447000B5049C7F9430B9F5662D702F842F17DE1C
:10448000962F672F482F892F68DF6092630500936E
:10449000640510936505411409F47CC082E695E03B
:1044A0000E94A5198091120480FF1AC080916505B1
:1044B0001F928F93809164051F928F938091630563
:1044C0001F928F9382E095E09F938F930E94E40E5A
:1044D0008DB79EB708960FB6F8949EBF0FBE8DBFDE
:1044E000E0E10C949C4A823019F410916505CDCF1F
:1044F000863019F460906305C8CF8930D9F38931CB
:1045000021F6E951E0FB992490F881E08925E695B0
:10451000F0E0E75DF64F5490712CA52CB12CE82EFD
:10452000F12C60910F01761610F0EFDEAECF759C86
:10453000C001112470E00E94154A862C861A911041
:1045400002C0660D862EC72CD12C8091120480FFEC
:1045500016C0BF92AF92FF92EF921F928F921F925E
:104560007F9287E295E09F938F930E94E40E8DB730
:104570009EB70A960FB6F8949EBF0FBE8DBF80916E
:104580000D019601280F311D412F602F882DA0DDD0
:104590007394C7CF8091120480FFA2CF1F921F9304
:1045A00010E01F920F931F926F928BED94E08CCFCF
:1045B000E2E6F5E0282F4381628181818B5F42CF63
:1045C00081E0F6CFE2E6F5E0282F43816281818128
:1045D000855038CF81E0F6CFE2E6F5E062812AE04F
:1045E000620F08F46FEF282F438181812BCF81E088
:1045F000F3CFE2E6F5E062812AE0621B08F460E0B6
:10460000282F438181811ECF81E0F3CFE2E6F5E0E0
:1046100043812AE0420F08F44FEF282F6281818105
:1046200011CF81E0F3CFE2E6F5E043812AE0421BBF
:1046300008F440E0282F6281818104CF81E0F3CF2C
:1046400020E000CF9091620590FF11C02E3178F4E8
:1046500090910B01291B922FE091F001F091F10153
:10466000242F462F682F892F90E009954ECE08956C
:104670000F931F93CF938C01C0E060910F01C61779
:1046800068F043DEF8018481928190FF1DC08F5F46
:10469000F8018483CF911F910F91089520910D010E
:1046A0002C0F3327331F70E08FEF90E00E94294AD0
:1046B000F801848140916505C69F800D11246091A9
:1046C000640506DDCF5FD9CF8150E2CFAF92BF92B4
:1046D000DF92EF92FF920F931F93CF93DF93FC0132
:1046E0008281D1E080FDDFEFC0E08091F001909108
:1046F000F1015C0180910F01C817B8F006DE8091CE
:104700001704D13009F050C0811102C080910F010F
:10471000815080931704DF91CF911F910F91FF90EB
:10472000EF90DF90BF90AF90089580910D01909130
:104730000B01891B8C0F20E040E060E090E0F50168
:10474000099504E010E0D12CEC2EF12C8091170497
:104750008D0D8F311CF16EE10E94084A892F082EC1
:10476000001C00088E150F0499F480910D0197012B
:10477000280F311D409165050403A00111245595B2
:104780004795559547956091640580916305A0DC38
:10479000DD0E01501040D1F6CF5FACCF87FFDFCFE9
:1047A00090910F01890FDBCF90E0019660910F018E
:1047B00070E00E94294AADCF0F931F93CF93C09111
:1047C0000D018091F0019091F1018C0180910E0119
:1047D000C81750F1C0E08091F0019091F1018C0177
:1047E00060910F01C61768F190DD809109019091E9
:1047F0001604980F9093160420910A01280F209315
:104800000A01121654F420910F012150330B092E86
:10481000001C0008921703061CF081958093090183
:10482000CF911F910F91089580910B019C2F981BA0
:1048300020E040E060E0892F90E0F8010995CF5F2B
:10484000C5CFEC2FF0E070E0CF010E94294A209103
:104850000D01820F90911604092E001C0008E91723
:10486000F0059CF090910A01092E001C00089E178B
:104870000F065CF0282F30E04091650560916405DB
:104880008091630525DCCF5FABCF90910B01891B35
:1048900020E040E060E090E0F8010995F4CFA0E06E
:1048A000B0E0E5E5F4E20C94864AEC01FC812F2FA0
:1048B00030E0D9010E94DE499B01AC010E94744A9C
:1048C0007B018C0180E290E08F1B9109FC01A5E542
:1048D0009701A8010E94744A5B016C019F01DF01EE
:1048E0000E94D8499B010E946E4A9B01AC012E0D8B
:1048F0003F1D401F511FB501C6010E943C4A022FB7
:1049000030E00A3220F5A901440F551F420F531F12
:1049100055954795142F1095F12C85E5801BE82EB1
:1049200080910F01F81600F1F0DC9C8181E0911577
:1049300019F0903219F48FEF8093080180910801EB
:10494000890F8C83CDB7DEB7EAE00C94A24A85E5E7
:1049500090E0821B930BAC01440F551F480F591F69
:10496000BAF64F5F5F4FD4CF8E2DF1FC802F209190
:104970000D012F0D3327331F412F60916405A8DBF4
:10498000F394CECF0F931F93CF93DF938C01C0E0AE
:10499000D0E090910F01C917D1055CF0B6DCF801A9
:1049A0008481019681708483DF91CF911F910F9153
:1049B0000895F801448180910D019E01280F311D59
:1049C00060916405809163059695C917D1053CF403
:1049D000411539F0409165057BDB2196DACF411511
:1049E000C9F340E0F9CFA0E0B0E0E9EFF4E20C94C5
:1049F000824AFC018281882E948081E08483E9E2EE
:104A0000F8E0A490E8EAF8E0E491C0916505C69565
:104A1000C158D0E0CC0FDD1FED2EF12CB12C05E0FC
:104A20001FEFEA198E2F90E03C0180910F01B8161C
:104A300030F06BDCCDB7DEB7EEE00C949E4ACB2CA9
:104A4000D12C882D833058F40B9DF0011124E85EA1
:104A5000FB4F809163058083809164058183911071
:104A60001BC00C9DF0010D9DF00D1124E85EFB4F65
:104A70001382128280910D019601280F311D0C9D29
:104A8000F0010D9DF00D1124E85EFB4F4281618124
:104A900080811EDBB394C9CF0C9DE0010D9DD00D2C
:104AA0001124C85EDB4F8B818115E1F081508B832F
:104AB000189FC00111246C8170E00E94154A70E0BB
:104AC000FB01E75DF74F84918A19189FC0011124FB
:104AD000B3010E94154A80916505689FB0011124B9
:104AE0007A83C8CF0E94074B6FEF70E00E94294A7B
:104AF0008E159F050CF0BECF882D833090F00E945C
:104B0000074B6FEF70E00E94294A88830E94074B91
:104B1000209164052695622F70E00E94294A280F93
:104B200029830C9DF0010D9DF00D1124E85EFB4FD3
:104B3000128280916505893C58F088EC0C9DF0014B
:104B40000D9DF00D1124E85EFB4F8483838392CF8B
:104B50008431A0F784E1F2CF609162056695669595
:104B600070E04BE050E080E191E00E941C4B892B0B
:104B700019F481E08093B6040E9467408093AE04EC
:104B80009093AF048091120480FF08C08EE794E0F8
:104B90009F938F930E94E40E0F900F9008951092B0
:104BA000B6048091120480FF08C085E694E09F93CC
:104BB0008F930E94E40E0F900F90089590916205DC
:104BC00090FF42C0811509F440C08B3208F03FC00D
:104BD0008F73209162052370982F990F990F922B54
:104BE000909362056115A9F182E695E00E94A519EE
:104BF0008091120480FF10C0809162058695869591
:104C00001F928F938EEB96E09F938F930E94E40EFA
:104C10000F900F900F900F906091620566956695CA
:104C200070E04BE050E080E191E00E941C4B892B4A
:104C3000C9F0B5DF81E08093B104409165056091D2
:104C4000640580916305FCCC089581E0C2CF8AE2BF
:104C5000C0CF9091120490FFDFCF1F928F9380EA14
:104C600096E0D2CF79DFE6CF682F909162059695D6
:104C70009695892F8F5F8B3208F081E09FCF81E07E
:104C8000F3CF682F9091620596959695892F815064
:104C900009F48AE293CF81E0F4CF61E08FCF809175
:104CA00062058160809362058091120480FF0DC0CF
:104CB0001F9281E08F9389EF95E09F938F930E94DD
:104CC000E40E0F900F900F900F90809162058695E3
:104CD0008695E3CF60E072CF8091B404811138C033
:104CE0008091120480FF08C083E297E09F938F9326
:104CF0000E94E40E0F900F9082E695E00E94A319A7
:104D000080916205843088F48091120480FF08C08D
:104D10008AED96E09F938F930E94E40E0F900F9080
:104D2000F9D982E695E00E94A319E2D902DA10923D
:104D3000B604E091EE01F091EF01099580916205D2
:104D400080FF03C086958695C5DF81E08093B4041B
:104D5000089582E695E00E94A319CAD9EAD9809104
:104D6000620580FF03C086958695B4CF0895809133
:104D700062058160809362058091120480FF0DC0FE
:104D80001F9281E08F9380EC95E09F938F930E9418
:104D9000E40E0F900F900F900F9080916205869512
:104DA000869598CF809162058E7F8093620582E61A
:104DB00095E00E94A5198091120480FF0FC0809198
:104DC000620581701F928F9388E895E09F938F937F
:104DD0000E94E40E0F900F900F900F90E0DE95CAA6
:104DE0008091120480FF10C08091620583958170CC
:104DF0001F928F9389E696E09F938F930E94E40E13
:104E00000F900F900F900F908091620580FF01C06E
:104E1000C9CF45CF809162058E7F809362058091D6
:104E2000120480FF0CC01F921F928EE495E09F93A6
:104E30008F930E94E40E0F900F900F900F90AFDEB3
:104E400064CA8091120480FF10C08091620583952E
:104E500081701F928F9380E396E09F938F930E94BF
:104E6000E40E0F900F900F900F908091620580FFDD
:104E700001C0D0CF7CCF0F931F93CF93DF9380914E
:104E8000B604811509F441C08091B504E091620532
:104E9000E695E695E81BE093B004853109F48BC0F4
:104EA00008F044C0893009F47CC0A0F5823009F4D0
:104EB00066C0863009F46CC0C0EDD7E006E510E2AC
:104EC0008091B104811561F01092B1040E94674095
:104ED0008093AE049093AF041092B2041092B30486
:104EE0000E9467402091AE043091AF04821B930B67
:104EF0008F3F9F4750F42C0F3D1F2093AE043093FB
:104F0000AF048EEA94E0F8010995DF91CF911F91EB
:104F10000F9108958F3081F6E695F0E0E45EF74F4B
:104F2000E491CE2FD0E006E613E2CACFC4EFD1E081
:104F300002EC14E2843221F288F4C8E2D0E00FE4FB
:104F400014E2883109F4BCCF833209F0B5CFE7E130
:104F5000F8E0C591D59108E012E2B2CF853209F0B0
:104F6000ABCF8E2F63E00E94FC49E92FF0E0EC5EAE
:104F7000F74FE491CE2FD0E003EF14E2A1CFF0E0A1
:104F8000EB5DF74FE491CE2FD0E006EE11E298CF23
:104F9000F0E0EE5DF74FE491CE2FD0E009EF11E2A3
:104FA0008FCFE695F0E0E15EF74FE491CE2FD0E0B1
:104FB00008E313E285CFF0E0E75EF74FE491CE2FF0
:104FC000D0E00CED13E27CCF089555CF08958AE62A
:104FD00095E00C94A1198DE180936A058AE695E02D
:104FE0000C94A11980916A058695869586950895F9
:104FF00080916A0581FD14C0826080936A058AE60B
:1050000095E00E94A1198091120480FF08C08BE4F2
:1050100099E09F938F930E94E40E0F900F9041C2EE
:10502000089580916A0581FF14C08D7F80936A0581
:105030008AE695E00E94A1198091120480FF08C0C1
:105040008EE299E09F938F930E94E40E0F900F9051
:1050500034C20895CF93C0916A058091120480FFF5
:105060000FC0C1FB882780F91F928F9387E699E0D4
:105070009F938F930E94E40E0F900F900F900F90CC
:10508000C1FF03C0CEDFCF910895B2DFFCCF809186
:105090006A0586958170089580911B0108958AE6BE
:1050A00095E00E949F1980916A0582FD0DC0809154
:1050B000120480FF08C086E09AE09F938F930E94BD
:1050C000E40E0F900F9087DF80916A05803220F008
:1050D0008770886180936A0590916A05892F817035
:1050E00090FF04C0892F869586958695B6C19091CC
:1050F0006A05892F869586958695983140F48F5F4D
:10510000880F880F880F9770892B80936A0580918C
:105110006A05816080936A058AE695E00E94A1197C
:105120008091120480FF11C080916A058695869552
:1051300086951F928F938EEE99E09F938F930E9496
:10514000E40E0F900F900F900F9080916A05869556
:105150008695869582C180916A05883088F088504E
:1051600080936A0591E0883008F490E080916A05A8
:1051700090FB80F980936A058AE695E00E94A11968
:105180008091120480FF11C080916A0586958695F2
:1051900086951F928F9386ED99E09F938F930E943F
:1051A000E40E0F900F900F900F9080916A058695F6
:1051B0008695869552C180916A0580FD1AC08160EE
:1051C00080936A05813019F489E080936A058091A3
:1051D000120480FF08C08EEA99E09F938F930E948B
:1051E000E40E0F900F9080916A05869586958695BE
:1051F00034C1089580916A0580FD05C0DCDF8AE630
:1052000095E00C94A119089580916A0580FF11C062
:105210008E7F80936A058091120480FF08C08BE91D
:1052200099E09F938F930E94E40E0F900F9080E07F
:1052300014C1089580916A0580FF05C0E5DF8AE604
:1052400095E00C94A1190895CF93C0916A058091BF
:10525000120480FF0EC08C2F81701F928F9380EC00
:1052600099E09F938F930E94E40E0F900F900F9000
:105270000F90C0FF03C0DEDFCF910895BBDFFCCFEE
:1052800080916A058695869586958F5F8F718430AB
:1052900008F080E0880F880F880F90916A0597705A
:1052A000892B80936A0591E0883008F490E0809122
:1052B0006A0590FB80F980936A058AE695E00E9472
:1052C000A1198091120480FF11C080916A05869512
:1052D000869586951F928F9387E899E09F938F9389
:1052E0000E94E40E0F900F900F900F9080916A052E
:1052F000869586958695B1C0843008F083E020912C
:105300006A052770982F990F990F990F922B9093F8
:105310006A0521E0983008F420E090916A0520FBAE
:1053200090F990936A0599C0E7DF8AE695E00C94BE
:10533000A119FC01DB0115968C918115C1F0F8577C
:10534000E730F105A8F4E054F44B0C945E4A83E096
:10535000EBDF80E0089580E0FBCFFDDEFACFC7DE13
:10536000F8CF72DFF6CF8CDFF4CF74DEF2CF81E0BE
:1053700008950F931F93CF93DF93EC0180918600E4
:10538000909187006CE070E00E94154A6C177D07D1
:1053900058F0CE0169E070E00E94154ACB01DF9120
:1053A000CF911F910F910895809186009091870071
:1053B00020918600309187008901209186003091EC
:1053C000870066E070E00E94154AE0E0F0E0C60F5A
:1053D000D71FE11DF11D85E0CC0FDD1FEE1FFF1F64
:1053E0008A95D1F7C80166E070E00E94154A40E056
:1053F00050E0260F371F411D511DBE01CF010E94F5
:105400003C4AE901FA0180918600909187008C0165
:10541000B901CA010E94ED499B01AC01D8010E946B
:10542000744A9B01AC01BE01CF010E94ED49770F88
:10543000AC0177276627441F551F661F80918600A1
:1054400090918700841795071606170620F440915F
:10545000860050918700CA01A2CF8430E0F4811108
:105460001BC0909180009F7D9093800020918600CA
:1054700030918700A82FB0E00E94DE4923E030E0A1
:1054800040E050E00E943C4AC90173DF90938B00DA
:1054900080938A00089583E0909180009062E4CF29
:1054A00008951092B7041092B8041092B904EFE670
:1054B000F0E08081816080830895EFE6F0E08081F4
:1054C0008E7F80838FDDC9CF1F920F920FB60F9210
:1054D00011240BB60F920F931F932F933F934F936B
:1054E0005F936F937F938F939F93AF93BF93CF936C
:1054F000DF93EF93FF9380911C018230D1F08F5F97
:1055000080931C01FF91EF91DF91CF91BF91AF91FB
:105510009F918F917F916F915F914F913F912F91CB
:105520001F910F910F900BBE0F900FBE0F901F9009
:10553000189581E080931C01AFDD182FC091B7044E
:10554000D091B8042196A8DD28E7289FB001112446
:10555000CE010E94154A8093B7049093B804219F0E
:10556000B0011124660F672F661F770B71950E949B
:10557000154A67FD6FE78091B904823069F56034A0
:1055800029F480916F008E7F80936F00E62FF0E00A
:10559000EE5AF54FC49180918600909187008C015E
:1055A00021DDD82F2C2F30E0D8010E94DE492FEFCB
:1055B00040E050E00E943C4AC90163E070E00E9474
:1055C000154AD69FC001D79F900D1124D2DE90932B
:1055D0008B0080938A0096CF8130C1F66F37D0CF91
:1055E000269A2E9882E28093800089E18093810040
:1055F0008FEF9FEF909387008093860050DD47DD0B
:1056000081114FCF089581E280936B0510926C0554
:1056100082E280936D0584E080936E0560E28BE604
:1056200095E078C082E280936B0581E080936C0501
:1056300010926D0586E080936E0560E28BE695E042
:1056400069C083E280936B0510926C0510926D0522
:1056500010926E0560E28BE695E05CC00F931F939D
:10566000CF93DF93EC0119818A81212F280F3327F3
:10567000331F2F31310564F08DEF80936C0560E2AC
:105680008BE695E047D0DF91CF911F910F91089560
:105690008A3068F4810F082F1017A9F32396212F61
:1056A0004A81698188810E9422231F5FF5CF8EEF96
:1056B000E4CF87E280936B058EE180936C0560E216
:1056C0008BE695E027C088E280936B0582E08093AB
:1056D0006C0560E28BE695E01DC0FC01E081E152C3
:1056E000E830A0F4F0E0E953F44B0C945E4A8BDF11
:1056F00081E0089597DFFCCFA4DFFACFAFDFF8CFCA
:1057000028DBF6CFD6DFF4CFDEDFF2CF80E00895DE
:10571000E4CF08950C94DD3D0895AB0124E630E01C
:10572000BC0188E70E9450419C0181E0232B09F0D5
:1057300080E00895AB0124E630E0BC0188E70E94D8
:105740009B419C0181E0232B09F080E008950F9399
:105750001F939B0104E610E0AC0160E488E70E941F
:10576000E2419C0181E0232B09F080E01F910F9121
:1057700008950C941F4108950895FECF0895EBE815
:10578000F5E0DF0180E092E01D920197E9F7E093F8
:105790008F07F09390078FEF9FEF8093E50490932E
:1057A000E6040895CF93E8DFE8DF90E280FF90E819
:1057B0008093E1049093E004DCDF6BE070E08EED19
:1057C0009CE0B8DF81110CC082EC9CE09F938F932A
:1057D0000E94E40E0F900F90C0E08C2FCF9108959F
:1057E0008091E10465E070E081FD08C08DEB9CE0F4
:1057F000A1DF81110BC087E99CE0E8CF82E99CE042
:1058000099DF811103C08AE79CE0E0CF6DE070E092
:105810008DE69CE08FDFC82F86E59CE0C115B1F2D4
:105820000E947340DC01CB01805A9541AF4FBF4FBE
:1058300080938B0790938C07A0938D07B0938E076E
:105840009EDF81E08093E4048093E3041092E204FD
:10585000C4CF2091E00436E0839FC0011124269F2D
:10586000800D911D1124923014F080E090E0855756
:105870009A4F80938F0790939007089520918F07F8
:1058800030919007255835404091E004642F70E036
:10589000C9010E94154A481B463010F4240F311DDF
:1058A000323010F020E030E025573A4F20938F0738
:1058B0003093900708951F93CF93DF93162F8A306C
:1058C00031F481E06ED0DF91CF911F9108958D303A
:1058D00011F480E0F7CFC0918F07D091900796E048
:1058E000FE01AAEBB4E001900D929A95E1F7803E9B
:1058F000A8F086E019928A95E9F711111BC0C091B2
:105900008F07D091900746E050E0BE018AEB94E00B
:105910000E94294B892BE1F4B1DFD5CF96E0899F16
:10592000B00111246751734F46E050E0CE010E9450
:10593000134BE3CFE0918F07F09190079F012A5F0F
:105940003F4F2E173F07D9F2808180958193F9CF81
:10595000CB58D540CE0125E0969587952A95E1F75D
:1059600021E030E0A90102C0440F551F8A95E2F7FB
:10597000CA014091E5045091E604842B952B2596AD
:1059800045E0D695C7954A95E1F702C0220F331F2F
:10599000CA95E2F7822B932B8093E5049093E6045B
:1059A000BBCFCF93382FE0918F07F0919007EB5842
:1059B000F5402091E004622F70E0CF010E94154A6B
:1059C000281B822F311569F066E00E94FC49C82F20
:1059D000C11102C0CF910895C15060E080E26BDF39
:1059E000F7CF8E0F9F2F911D923010F080E090E046
:1059F00085579A4F80938F0790939007EBCF1F9313
:105A0000CF93DF93EC01162FFE018491811104C026
:105A1000DF91CF911F910895612F4DDF2196F4CF33
:105A2000EEDF81E0BECFCF93C091E404C11105C089
:105A3000C091E3048C2FCF9108950E947340DC0144
:105A4000CB01805A9541AF4FBF4F80938B07909306
:105A50008C07A0938D07B0938E078091E30481118A
:105A6000E9CF62E070E08DEF9BE064DE81110BC056
:105A700089EE9BE09F938F930E94E40EC091E30414
:105A80000F900F90D7CF81E08093E304D3CF2F9274
:105A90003F925F926F927F928F929F92AF92BF924E
:105AA000CF92DF92EF92FF920F931F93CF93DF93EA
:105AB000582E8091E5049091E604892B09F451C099
:105AC0008091E404811509F44CC08091E2048111B5
:105AD00048C0A9DF00E010E0380163942091E5049C
:105AE0003091E60421153105E1F1011521F0511045
:105AF00002C037C01F5F812F90E04301012E02C01A
:105B0000880C991C0A94E2F7A40142235323452BE5
:105B100089F32091E10420FD36C0969587959695EE
:105B20008795482F282F912F9295990F9076392F8E
:105B3000315E842F90931F018093220130932001C6
:105B40002093230167E070E08DE191E0E6DD8111B3
:105B500023C083E39CE09F938F930E94E40E0F90F9
:105B60000F90DF91CF911F910F91FF90EF90DF90F9
:105B7000CF90BF90AF909F908F907F906F905F90ED
:105B80003F902F900895912F990F990F990F392FCA
:105B9000395F80E023E0CECF20E2129FC0011124C4
:105BA0002091E10420FD0AC060E270E085579A4F21
:105BB000CEDD81115AC08AE19CE0CDCFE0ECF4E06B
:105BC00020E211922A95E9F7AAEFB1E066EF71E0C1
:105BD000ED91EB012991BE01422F480F592F511D24
:105BE0001A01F0E0E054FB4F20E030E047E0B42E33
:105BF000B21AD62C022E01C0DD0C0A94EAF7E1019C
:105C0000C557DA4FE12CF990FD204B2D4E19477006
:105C100050E0AF2C042E01C0AA0C0A94EAF751956B
:105C200041955109477001C0F6944A95EAF7FA2860
:105C300040814F294083E3944E2D483021F72F5F58
:105C40003F4F31962830310589F62EEF31E02A1783
:105C50003B0709F0BDCF60E270E080EC94E077DDB7
:105C6000811103C08FEF9BE076CF0F5F80949094FB
:105C70008091E5049091E604882199218093E504C0
:105C80009093E6042BCFCF93C091E4048091E3047A
:105C9000C11106C091E08927C82F8C2FCF9108959C
:105CA0008115D9F362E070E087EE9BE043DD81115E
:105CB0000BC082ED9BE09F938F930E94E40EC091F6
:105CC000E3040F900F90E9CF1092E304E6CF0C9419
:105CD000F50E08958091E404811501F160E080E003
:105CE000B8DDF5DF80E0D3DE8091E3048115B1F00B
:105CF0000E94734020918B0730918C0740918D0753
:105D000050918E07DC01CB01821B930BA40BB50BCA
:105D10008F3F9F4FAF4FBF4708F4B5CF0895579AB5
:105D20000895FC01EE0FFF1FE80FF91FEF56F84F23
:105D30006183408322830895FF920F931F93CF9333
:105D4000DF93182F062FF42EC0E0D0E02F2D402F28
:105D5000612FCE01E6DF2196CE31D105B9F7CDB75F
:105D6000DEB7E5E00C94A74A3BB13F772BB1206842
:105D70004FB7F89481E997E0FC010196508168E003
:105D80002BB9000000C057FF3BB9550F000000C001
:105D900000C000C03BB900C06A9591F757E08B3E48
:105DA000950751F74FBF8FE594E00197F1F700C0D9
:105DB000000008950C948E19089580E00E94D81D6B
:105DC000862F817008950E94FA1E8FEF96E721E0DA
:105DD000815090402040E1F700C000000E94FA1E70
:105DE000ECDF811519F0E6DF0C94A3400895EBCFAA
:105DF0000895A0E0B0E0EFEFFEE20C948E4A8091AF
:105E000024011F928F93809125011F928F9380917F
:105E100028011F928F93809129011F928F93809167
:105E20002A011F928F9380912B011F928F9389E2F9
:105E300092E19F938F930E94E40E8DB79EB70E96CA
:105E40000FB6F8949EBF0FBE8DBFE2E00C94AA4A35
:105E5000CF93C82F1F928F9383EC93E19F938F93DF
:105E60000E94E40E81E001C0880FCA95EAF70E9403
:105E700083140E9434140F900F900F900F90CF91C5
:105E80000895A0E0B0E0E7E4FFE20C948E4A893286
:105E900009F470C010F5833109F483C040F48730F1
:105EA00009F4DFC08B3051F188E893E1EEC0843112
:105EB00009F460C0982F9E519A30B0F78D518093AD
:105EC000EB04843009F077C088E291E08093E90424
:105ED0009093EA0484E292E093C0803509F4DAC03A
:105EE00030F4883359F08F34F9F68AE0D4C0813524
:105EF00009F4E7C08235C1F681E0CDC08DEA93E1B7
:105F00009F938F930E94E40E74DF1F9281E08F9322
:105F10001F9288E08F9386EA92E19F938F930E946D
:105F2000E40E8DB79EB708960FB6F8949EBF0FBECD
:105F30008DBF8091EB04811509F4CCC02091E7045A
:105F40003091E8042115310511F42EEF31E03F9333
:105F50002F931F928F9386E793E19F938F930E94D5
:105F6000E40E0F900F900F900F900F900F90E2E0C3
:105F70000C94AA4A8AEA93E19F938F930E94E40EBD
:105F80000F900F908091EB04811589F31092EB0430
:105F90001092E9041092EA041092E7041092E804C7
:105FA000C8CF8CE993E19F938F930E94E40E21DF89
:105FB0000F900F90BECF68F48230C1F18330C1F4EE
:105FC00089E291E08093E9049093EA0487E192E00A
:105FD00017C08530A1F18630D9F11092EB0489E920
:105FE00093E19F938F930E94E40E0F900F900CC04B
:105FF0008BE291E08093E9049093EA0482E092E0DE
:106000008093E7049093E8048091EB04811509F4F0
:1060100090CF1F928F9385E993E19F938F930E9476
:10602000E40E0F900F900F900F9083CF8AE291E0D3
:106030008093E9049093EA048BE092E0E1CF85E25B
:1060400091E08093E9049093EA0483E392E0D8CF4F
:1060500084E291E08093E9049093EA0486E492E07C
:10606000CFCF81E080932B0184E180932A018AE0E5
:10607000809329018EE18093280188E08093250197
:1060800088E2809324018BE893E19F938F930E9491
:10609000E40E8ECF86EFE091E904F091EA043097A8
:1060A000B1F02081982F990F990B820F911D91309B
:1060B00054F497FD0AC080831F928F9382E893E186
:1060C000ACCF8FEFE8CF8FEFF6CF80E0F4CF8FE744
:1060D00093E1DBCF82E793E19F938F930E94E40EDD
:1060E0000F900F9044CFA4E0B0E0E9E7F0E30C9408
:1060F000874AE82FE550EF3308F079C1F0E0E1532B
:10610000F44B0C945E4A0E9497191F921F921F92A3
:106110008F9386EA97E19F938F930E94E40ECE01BE
:1061200004960E9495198C8183FB882780F91F9221
:106130008F938C8182FB882780F91F928F938C81AB
:10614000869581701F928F938C8181701F928F939F
:106150008C811F928F938DE597E19F938F930E947F
:10616000E40ECE0101960E949B198A8183FB882749
:1061700080F91F928F93898187FB882780F91F926E
:106180008F93898186FB882780F91F928F9389815D
:1061900085FB882780F91F928F9389818295817072
:1061A0001F928F93898183FB882780F91F928F9399
:1061B000898182FB882780F91F928F938A81869537
:1061C00081701F928F938A8181701F928F93898132
:1061D000869581701F928F93898181701F928F9312
:1061E0008A818F9389818F938EE596E19F938F9318
:1061F0000E94E40E8DB79EB78C960FB6F8949EBFA2
:106200000FBE8DBFCE0103960E949F198B8186958C
:10621000869586951F928F938B8181701F928F93A5
:106220008B811F928F938BE296E19F938F930E94B5
:10623000E40E8DB79EB708960FB6F8949EBF0FBEBA
:106240008DBF81E02496E9E00C94A34A87E698E1AB
:106250009F938F930E94E40E0E948C190F900F90D1
:10626000F0CF86E794E19F938F930E94E40EF6CFE0
:1062700080911204807F809312048FE494E19F93B5
:106280008F930E94E40E83E698E19F938F930E9480
:10629000E40E81E08093EC040F900F900F900F902C
:1062A000D0CF87E498E19F938F930E94E40E0E94E1
:1062B0004410D4CF90911204892F8E7F90FF81607B
:1062C0008093120480FF03C08BE398E1CCCF8EE271
:1062D00098E19F938F930E94E40E80911204817F36
:1062E00080931204BBCF90911204892F8D7F91FF70
:1062F00082608093120481FF0AC081E298E19F933B
:106300008F930E94E40E809112048160E9CF83E1B3
:1063100098E1A9CF90911204892F8B7F92FF84601E
:106320008093120482FF03C084E098E1E8CF84EFF9
:1063300097E199CF90911204892F877F93FF88600E
:106340008093120483FF03C088EE97E1D8CF8BEDD2
:1063500097E189CF8BE592E09F938F938CE494E152
:106360009F938F930E94E40E97CF0E947340E62E76
:10637000D72EC82EB92E1091380517FB112710F90A
:106380000E94813F082F0E94653FF82E0E94C53C65
:10639000BF92CF92DF92EF921F921F931F920F93A3
:1063A0001F92FF921F928F9388EC93E19F938F939C
:1063B0000E94E40E8DB79EB70E963ECF0E94341415
:1063C00090913805892F97FB87F98058809338057D
:1063D00087FF03C081ED97E146CF86EC97E143CF7D
:1063E00080E036DD2ECF8953FCCF8D51FACF84EC7F
:1063F00097E19F938F930E94E40E0F900F9080E09F
:1064000021CF80E0089580E00895CF93C82F809138
:10641000EC04813091F0823009F448C081114AC007
:106420000E944C18823209F047C08C2FEADF81119C
:1064300002C08C2F58DECF9108950E944C188232F2
:10644000A1F38C2FE0DF811124C0C43121F168F465
:10645000CB3079F0C03121F18DEB93E19F938F9395
:106460000E94E40E0F900F9018C0C932A1F0C833FB
:1064700099F78FE494E19F938F930E94E40E8FEB42
:1064800093E19F938F930E94E40E0F900F900F90D3
:106490000F9081E003C01092EC0480E08170CBCFBC
:1064A00082E08093EC0488E3ECDCF3CF8C2FE9DC12
:1064B00081E0C1CF1092EC0480E0BDCFA1E0B0E05C
:1064C000E4E6F2E30C948A4A7C01FC01608171816C
:1064D000828193818E010F5F1F4F40E050E09D014C
:1064E0009FD1F70180819181A281B3810196A11D85
:1064F000B11D80839183A283B38389812196E6E0D5
:106500000C94A64A84E00895C7C00895EFC008958A
:106510001F93CF93DF93BED0D0E0C0E010C0412FD7
:106520006C2F8D2F0E94420F9C01412F6C2F8D2FBD
:10653000DDD01F5F133199F7CF5FC53011F010E048
:10654000EECFDF5FD43049F7DF91CF911F910895EF
:106550000F931F938A019B0140E050E0BC01CA01E8
:10656000EBD01F910F9108950F931F938A019B0108
:1065700040E050E0BC01CA0117D11F910F9108956E
:10658000843028F4653018F4433108F485C080E085
:1065900090E0089580E108953ED1CB0108950F93D6
:1065A0001F938A019B0140E050E0BC01CA0138D131
:1065B0001F910F9108950F931F938A019B0140E053
:1065C00050E0BC01CA0172D11F910F91089563D0B0
:1065D0009FC16F927F928F929F92BF92CF92DF92D4
:1065E000EF92FF920F931F93CF93DF9300D000D0D1
:1065F000CDB7DEB7B82E803118F50DD161507109D5
:10660000810991097E012FEFE21AF20A870121E048
:1066100030E040E050E004D18981811111C0FBD00D
:106620003B014C01E12CF12C6701B1101BC0C98268
:10663000DA82EB82FC8240E0B8018EE592E328D654
:106640000F900F900F900F90DF91CF911F910F91AE
:10665000FF90EF90DF90CF90BF909F908F907F90B2
:106660006F900895C301D401C816D906EA06FB0647
:1066700039F321E030E040E050E0B601C701D0D06E
:1066800089819FEFC91AD90AE90AF90A8111EACF6B
:10669000BA94CBCF089508950F931F93CF93DF93B0
:1066A000843008F56530F8F44331E8F4C42FD0E0C5
:1066B000CC0FDD1F96E2699FC00DD11D11249EEB0A
:1066C000899FC00DD11D1124CE0189960E94364BA1
:1066D000082FCE018A960E94364B902FDF91CF91E2
:1066E0001F910F91089580E090E0F8CF1F93CF9312
:1066F000DF93122F8430E0F46530D0F44331C0F4DE
:10670000C42FD0E0CC0FDD1F26E2629FC00DD11D4B
:1067100011249EEB899FC00DD11D1124632FCE0142
:1067200089960E94574B612FCE018A960E94574B43
:10673000DF91CF911F9108958F929F92AF92BF9258
:10674000CF92DF92EF92FF920F931F936B017C0128
:106750002C0D3D1D4E1D5F1D49015A01C814D90461
:10676000EA04FB0459F41F910F91FF90EF90DF9022
:10677000CF90BF90AF909F908F90089588EFC816EC
:1067800082E0D806E104F10468F4C60189960E940B
:10679000364BF80181938F018FEFC81AD80AE80AA7
:1067A000F80ADCCF80E0F5CF8F929F92AF92BF9234
:1067B000CF92DF92EF92FF920F931F936B017C01B8
:1067C0002C0D3D1D4E1D5F1D49015A01C814D904F1
:1067D000EA04FB0459F41F910F91FF90EF90DF90B2
:1067E000CF90BF90AF909F908F90089588EFC8167C
:1067F00082E0D806E104F10430F4F8016081C601BA
:1068000089960E94574B0F5F1F4F8FEFC81AD80A07
:10681000E80AF80ADBCF6FED7CE080E090E00895B5
:106820004F925F926F927F928F929F92AF92BF92A0
:10683000EF92FF920F931F93CF93DF934B015C0175
:1068400029013A01E8017B018FEDE81A8CEFF80A83
:1068500000E010E0C201D301081719071A061B0651
:1068600078F0DF91CF911F910F91FF90EF90BF9043
:10687000AF909F908F907F906F905F904F90089512
:10688000C401D501800F911FA11DB11D8F3D9C40FA
:10689000A105B10548F4C701800F911F0E94364B36
:1068A00089930F5F1F4FD6CF80E0FACFA0E0B0E012
:1068B000ECE5F4E30C94824A6B017C0149015A0136
:1068C0003801EB01CF5DDC4F8D01C401D501081704
:1068D00019071A061B0628F0CDB7DEB7EEE00C94B8
:1068E0009E4AC601D701800F911FA11DB11D8F3D8A
:1068F0009C40A105B10548F4F301E00FF11F608150
:10690000CE01800F911F0E94574B0F5F1F4FDDCFAD
:10691000A0E1B0E0EEE8F4E30C94804AFE01319689
:10692000DF0180E11D928A95E9F70EEC10E09FED02
:10693000492E9CE0592E612C712C21E2A22E23E0DD
:10694000B22E9E2E8F2E6201730181E148165104F2
:10695000610471041CF080E1C82ED12CA601B501A0
:10696000892D982D0E94484BAC0CBD1C0D2C000CA1
:1069700000084C185D08600870080150104019F7B5
:106980006096E0E10C949C4ACF93DF93EB01863153
:106990009C4719F50E944C189D819115A1F08A7AA7
:1069A00091E0811101C090E09093ED04811549F0D0
:1069B00085E30E94B83E0E94F91880E0DF91CF91F4
:1069C000089589E2F6CF8091ED04811521F085E3E9
:1069D0000E94CF3EF0CF89E2FBCF81E0EFCFCF9393
:1069E000DF93EC01FB018581811509F4CBC09E0189
:1069F00030572332310508F0ABC088E395E00E94A0
:106A00009B19FE01E150F047E232F10520F4E25F0C
:106A1000F34B0C945E4A8091380581608093380571
:106A200090C0809139058860809339058AC0809133
:106A300038058260F3CF809138058460EFCF809174
:106A400038058860EBCF809139058160EDCF80916A
:106A500039058260E9CF809138058061DFCF809170
:106A600038058062DBCF809138058064D7CF0E94E3
:106A70003414809138058068D1CF809138058C60BE
:106A8000CDCF809139058360CFCF809138058E7F3F
:106A9000C5CF80913905877FC7CF809138058D7F1D
:106AA000BDCF809138058B7FB9CF80913805877F26
:106AB000B5CF809139058E7FB7CF809139058D7F15
:106AC000B3CF809138058F7EA9CF809138058F7D17
:106AD000A5CF809138058F7BA1CF0E94341480917F
:106AE00038058F779BCF80913805837F97CF809132
:106AF00039058C7F99CF90913805892F8B7F92FF34
:106B00008460877F92FF886089CF80913905982FB4
:106B1000909590FB80F990FB81F986CF9091380594
:106B2000892F8F7B96FF806479CF0E9434149091D7
:106B30003805892F97FB87F9805870CF81E00E9434
:106B4000A71988E395E00E949D190E94341480E003
:106B5000DF91CF91089580E0F2CF90913805892F91
:106B60008F7E94FF80615ACF90913805892F8E7F58
:106B700090FF816053CF90913905892F877F93FFD4
:106B8000886052CF81E0E4CF382F25EB3203C0017B
:106B9000112497FF04C080589109892F08958058C7
:106BA0009F4FFBCF8091F40480FF0DC060912901BD
:106BB00070E0660F771F6038710588F56115710503
:106BC00081F1862F089581FF07C06091290184E03B
:106BD000689FB0011124EFCF82FF04C060912901AA
:106BE00088E0F6CF9091F3049115B9F060912801F7
:106BF00080912901961728F098E0899FB00111240F
:106C0000DACF899FC001112423E0880F991F2A95AC
:106C1000E1F770E00E94294ACECF68E0D2CF8FE73B
:106C2000089581E008958091F40480FF0CC0609184
:106C3000250170E0759567957595679561157105E6
:106C400041F1862F089581FF06C06091250170E013
:106C500075956795F3CF6091250182FD0BC09091EA
:106C6000F2049115A1F060912401809125019617FD
:106C700038F0682F70E06038710500F38FE70895F1
:106C8000899FC001112470E00E94294AF4CF61E07D
:106C9000D8CF81E00895E82FED5CE33198F5F0E07E
:106CA000E05DF34B0C945E4A7DDF81958093F804A0
:106CB000089578DFFBCF76DF81958093F704089500
:106CC00071DFFBCFB0DF8093F9040895ACDF8195CD
:106CD000FACFA9DF81958093FA040895A4DFFBCF52
:106CE000815D990B21E001C0220F8A95EAF780911E
:106CF000F604822B8093F60408958091F404816059
:106D00008093F40408958091F4048260F9CF809117
:106D1000F4048460F5CF4091F7048D3C59F48091E0
:106D2000F80487FF0DC01092F804411559F4109231
:106D3000F30408C08E3C81F48091F80418169CF38B
:106D4000411581F08091F9049091FA04892B09F0A2
:106D500056C01092F20408958F3C41F447FFF0CFE3
:106D60001092F7048091F8048115E0CF803D19F46A
:106D70001416B4F3E5CF9091F904893D29F419165E
:106D8000FCF61092F904DCCF8A3D19F497FFD8CFB6
:106D9000F8CF9091FA048B3D29F497FFD1CF109250
:106DA000FA04CECF8C3D19F41916CCF3C9CF982F25
:106DB000915D983078F4815D990B21E001C0220F3C
:106DC0008A95EAF7822F80959091F6048923809323
:106DD000F604B6CF8D3D31F48091F4048E7F80931C
:106DE000F404AECF8E3D21F48091F4048D7FF7CF73
:106DF0008F3D09F0A5CF8091F4048B7FF0CF0895EB
:106E0000A0E0B0E0E6E0F7E30C948E4A8091120433
:106E100083FF92C08FE998E19F938F930E94E40EC5
:106E20008091F6041F928F938AE998E19F938F9344
:106E30000E94E40E88E998E19F938F930E94E40EEC
:106E40008091F704982F990F990B9F938F9385E961
:106E500098E19F938F930E94E40E83E998E19F93BA
:106E60008F930E94E40E8091F804982F990F990B4C
:106E70009F938F9380E998E19F938F930E94E40EF4
:106E80008EE898E19F938F930E94E40E8091F9041D
:106E9000982F990F990B9F938F938BE898E19F936D
:106EA0008F930E94E40E89E898E19F938F930E944C
:106EB000E40E8091FA04982F990F990B9F938F936A
:106EC00086E898E19F938F930E94E40E83E898E10F
:106ED0009F938F930E94E40E8DB79EB780960FB656
:106EE000F8949EBF0FBE8DBF8091F3041F928F93C5
:106EF00080E898E19F938F930E94E40E8EE798E1DB
:106F00009F938F930E94E40E8091F4041F928F93BD
:106F10008BE798E19F938F930E94E40E88E798E1B6
:106F20009F938F930E94E40E8DB79EB70C960FB679
:106F3000F8949EBF0FBE8DBF0E9467409C01909148
:106F4000F7048091F804982B21F02093F0043093FB
:106F5000F1049091F9048091FA04982B21F0209388
:106F6000EE043093EF0485EF94E0C7D5E2E00C9493
:106F7000AA4AE5EFF4E086E011928A95E9F71092CB
:106F8000F3041092F2041092F4040895FC0182813B
:106F900081110EC0838181110BC08481811108C0D1
:106FA00091E08581811101C090E0892F8170089561
:106FB00081E0FCCFA6E0B0E0E0EEF7E30C948B4A72
:106FC00086E0E5EFF4E09E012F5F3F4FD90101908D
:106FD0000D928A95E1F71092F7041092F80410923E
:106FE000F9041092FA048B819C81892B022FF32ED5
:106FF000811581F08091F0049091F104F9D7AC01F2
:107000009091F3049115A1F180912A01841715063E
:1070100008F43BC08D819E81892B89F08091EE041C
:107020009091EF04E5D7AC019091F204911509F429
:107030005AC0809126018417150608F462C0602F9B
:107040007F2D85EF94E0DAD6811104C085EF94E0BE
:107050009DDF8111D5DE86E0E02FFF2DA5EFB4E0A6
:1070600001900D928A95E1F72696E5E00C94A74AE7
:1070700020912B018AE0289F9001112424173507C5
:1070800048F69F5F9093F30402C09F3FD1F71B81A6
:10709000111551F087DD91E011160CF09FEF899FDB
:1070A000802D11248093F7041C81111551F07ADD95
:1070B00091E011160CF09FEF899F802D1124809391
:1070C000F8048091F704811509F4A4CF1091F80415
:1070D000111509F49FCF58DD8093F704812F54DDFB
:1070E0008093F80497CF209127018AE0289F900190
:1070F00011242417350708F0A2CF9F5F9093F20464
:1071000002C09F3FD1F71D81111551F08CDD91E038
:1071100011160CF09FEF899F802D11248093F904A4
:107120008E81182F811551F07EDD91E011160CF043
:107130009FEF899F802D11248093FA048091F90498
:10714000811509F47CCF9091FA04192F911509F457
:1071500076CF1ADD8093F904812F16DD8093FA042F
:107160006ECFA0E0B0E0E7EBF8E30C94874AE82F9D
:10717000F0E0EE53F74E9491B92E282F26952695E0
:10718000269530E0F901EE59F64EE4908770F12C27
:10719000082E02C0F594E7940A94E2F7F901EE5A3A
:1071A000F64EC490D12C082E02C0D594C7940A94F0
:1071B000E2F72E5B364EF901049110E002C01595FE
:1071C00007958A95E2F7C62FD0E0E0FC25C0C0FE07
:1071D00006C086EE0E943611CE01009759F5BE0119
:1071E0008B2D0E941212CE01009761F5C0FC32C0B7
:1071F000E0FE06C081EE0E94C011CE010097C1F5ED
:1072000000FF05C08CE20E9428122097C9F5CDB777
:10721000DEB7E9E00C94A34A81EE0E943611CE015C
:107220000097A9F2EFE9FFE03197F1F700C0000005
:107230000197F6CFEFE9FFE03197F1F700C00000CA
:107240000197CBCFEFE9FFE03197F1F700C00000E5
:107250000197CACF86EE0E94C011CE01009741F27D
:10726000EFE9FFE03197F1F700C000000197F6CF9A
:10727000EFE9FFE03197F1F700C000000197BECFC2
:107280008FE99FE00197F1F700C000002197BDCF83
:10729000A0E0B0E0EEE4F9E30C94874A8C017B01B6
:1072A000B42EC701F80109958130A0F009F058C04B
:1072B000C701F8010995C82F813089F4C701F80189
:1072C00009950E9428128B2D90E0009709F040C08C
:1072D000C111E7CFCDB7DEB7E9E00C94A34A823005
:1072E00031F4C701F80109950E943611ECCF8330C3
:1072F00031F4C701F80109950E94C011E4CF843030
:1073000011F7C701F8010995C82FC12CD12CDAE07B
:107310008C2F8053990B8A30910568F0C114D104E9
:1073200091F2EFE9FFE03197F1F700C0000081E052
:10733000C81AD108F3CFDC9D9001DD9D300D1124DA
:10734000820F931F6C01C701F8010995C82FE0CF88
:10735000EFE9FFE03197F1F700C000000197B5CFEA
:107360006B2DFFDE9ECF0F931F93CF93DF93C42F20
:10737000D22FFC0185818115C9F04093FD04A7D669
:107380008093FB049093FC048C2F805E883048F43B
:1073900081E0C1FD84E0C0FD880FC2FD82950E949E
:1073A0002F12DF91CF911F910F9108951091FD043D
:1073B000141333C08091FB049091FC0419D6883CCF
:1073C000910558F5CD2FC05E1D17C1F0812F805E4D
:1073D000883048F481E011FD84E010FD880F12FD33
:1073E00082950E943412C83048F481E0D1FD84E0D7
:1073F000D0FD880FD2FD82950E942F12802F0E940F
:10740000281281E0D1FD84E0D0FD880FD2FD829565
:10741000C83038F60E943412C4CF8C2F805E88307A
:1074200008F0BFCF81E0C1FD84E0C0FD880FC2FD40
:107430008295F0CF0F93FC01CB01E851FC47E73078
:10744000F10588F5ED5BF34B0C945E4A06E221EE04
:1074500041EE6AE17CE787DF80E00F91089507E263
:1074600025EE45EE6BE17CE7F6CF06E221EE40EE3D
:1074700068E17CE7F0CF07E225EE44EE69E17CE7C6
:10748000EACF06E221EE42EE6CE17CE7E4CF07E2D0
:1074900025EE46EE6DE17CE7DECF08E221E045EE29
:1074A0006EE17CE7D8CFFB01858181111092FD044C
:1074B00081E0D3CFCF93DF9387372CE7920739F062
:1074C00088379C47D1F081E0DF91CF910895FB018F
:1074D0008581811571F019D00E94A5141CD0C82F88
:1074E00017D0D82F12D04C2F6D2F0E94B31580E0EB
:1074F000EBCF0BD00E94AE14F1CFFB01858181153B
:1075000011F006D0E9CF04D0F5CF80912E01089577
:1075100080912D01089580912C010895A3E0B0E0A1
:10752000E4E9FAE30C948E4AAE014F5F5F4FCE015F
:107530000296BC010196D2D18B81863239F48A81C0
:10754000893021F481E09981983009F080E08170E0
:107550002396E2E00C94AA4A811521F048E069E004
:1075600086E2E2C14FEF6FEF8FEFFBCF08950895F2
:10757000CF92DF92EF92FF926B017C01F8DFB601B0
:10758000C701F1D1FF90EF90DF90CF900895A5D182
:1075900080E0E2DF80E090E0BC01EADF0E94883218
:1075A00016D881E0D9CFE2DFD5D1E1DFB7DF811195
:1075B00001C0EDCF08950E9424290C9421279C013D
:1075C000FB018581811551F0A901575740385105BC
:1075D00030F4822F0E94E93280E0089581E008951E
:1075E0002FEFFC0120830895CF93DF93EC01888176
:1075F000813029F0823059F0DF91CF9108950E94B7
:10760000F22725E5829FC00111248983F5CF0E94CE
:107610004728FBCFFC018081813019F0823079F05E
:107620000895218130E0C901880F991F820F931FAF
:107630006FEF70E00E94154A862F0C947C2981819F
:10764000811102C00C9411280C94F827FC019C01B4
:107650002E5F3F4F9081983031F0993031F0973064
:1076600031F4C901D7CFC901BFCF0C94E7278FEF01
:1076700080830895CF93DF93EC0188818330E1F01C
:1076800038F4813071F0823081F0DF91CF9108952C
:107690008430D9F70E947C2189830E947F218A83CC
:1076A000F4CF0E9482218983F0CF0E94322181157C
:1076B000D1F30E942921F7CF0E945421F4CFCF9318
:1076C000DF93EC018881833039F138F4813069F03F
:1076D0008230B1F0DF91CF9108958430D9F70E94C4
:1076E0008221482F6A81898108C0D9810E947F2127
:1076F000C82F0E947C214D2F6C2F0E942023EACF9F
:107700008981811103C00E940A27E4CF0E94B72615
:1077100089810E946A26DECF89810E947A21DACF90
:10772000FC019C012E5F3F4F9081983031F09930E1
:1077300031F0973031F4C901C2CFC9019BCF0C940D
:1077400086208FEF80830895FC012181213009F488
:107750007DCF223009F4E4CF43CF1F93CF93DF9343
:10776000EC01162F0E94882B811110C0E881E15096
:10777000E331C0F4F0E0E65BF34B0C945E4A19820F
:107780008DE08A83612FCE010E948A2BDF91CF91F9
:107790001F91089589818330E1F038F4813079F0C8
:1077A0008230A9F08FEF8883EDCF8430F1F08630FE
:1077B000C9F71A821B821C8289E08D83E3CF93D4A0
:1077C0000E94674A6A837B838C839D83DBCFC2D010
:1077D000F7CF8A8190E0FE01853091059CF63396C3
:1077E0001082118212820196F7CF1A821B821C82AC
:1077F0001D82C8CF8981823029F0853099F68A812F
:10780000DADEC0CF6A817B818C819D810E94674ACC
:10781000AFDEB8CF4B816A8189810E94843298277C
:10782000892798278C839D83ADCF2C813D8132277A
:10783000232732274B816A8189810E948632A2CF19
:107840000E9488329FCF612FCE017EDF9BCF0E94A6
:10785000CA32898397CF0E94CC32982789279827EC
:1078600089839A838FCF6B8170E089819A81982771
:1078700089279827AE014C5F5F4F0E94CF3282CF9D
:107880006B8170E089819A81982789279827AE01BA
:107890004C5F5F4F0E94DB3275CF0E94E73272CFA0
:1078A0000E948232D6CF6B8170E089819A819827BD
:1078B00089279827AE014C5F5F4F0E94A83262CFA4
:1078C0006B8170E089819A81982789279827AE017A
:1078D0004C5F5F4F0E94B43255CF0895EF92FF92F4
:1078E0000F931F93CF93DF937C018B01EA01892BC8
:1078F00031F085E290E00E94364BF701808301155C
:10790000110531F086E290E00E94364BF801808349
:10791000209729F087E290E00E94364B8883CDB70C
:10792000DEB7E6E00C94A64ACF93DF93C62FD42FA0
:10793000682F85E290E00E94574B6C2F86E290E022
:107940000E94574B6D2F87E290E00E94574BDF91CA
:10795000CF91089588E290E00E94364B682F70E046
:1079600080E090E0089588E290E00C94574B80937B
:10797000020590930305089508950895A6D2982FBF
:1079800081E0913009F080E00895E0910205F091E6
:107990000305309739F00190F081E02D309711F018
:1079A0000995089580E00895F0CF0895EF92FF9231
:1079B0000F931F93CF93DF93EC01E0910205F091B9
:1079C00003053097F1F10280F381E02D3097C9F182
:1079D00009958091120482FF34C080FF0DC0888118
:1079E0001F928F9387E999E19F938F930E94E40EF2
:1079F0000F900F900F900F907E0186E0E80EF11C23
:107A000001E919E18091120480FF0BC08A811F9265
:107A10008F931F930F930E94E40E0F900F900F907F
:107A20000F902196CE15DF0569F78091120480FF33
:107A300008C08FE899E19F938F930E94E40E0F9006
:107A40000F90CDB7DEB7E6E00C94A64AEF92FF9216
:107A50000F931F93CF93DF93EC01E0910205F09118
:107A60000305309709F444C084819581892B09F47A
:107A70003FC086E088830480F581E02DCE01099522
:107A80008091120482FF34C080FF0DC089811F9253
:107A90008F938AE799E19F938F930E94E40E0F9052
:107AA0000F900F900F907E018EE1E80EF11C04E71D
:107AB00019E18091120480FF0BC08A811F928F937D
:107AC0001F930F930E94E40E0F900F900F900F9052
:107AD0002196CE15DF0569F78091120480FF08C05A
:107AE00082E799E19F938F930E94E40E0F900F908D
:107AF000CDB7DEB7E6E00C94A64AE0910205F0911E
:107B00000305309759F026813781232B39F022E085
:107B1000DC012C930680F781E02D09950895A3E000
:107B2000B0E0E5E9FDE30C948E4A20910005309128
:107B3000010528173907B1F08093000590930105DE
:107B4000E0910205F0910305309761F00084F18522
:107B5000E02D309739F023E029838A839B83CE017F
:107B6000019609952396E2E00C94AA4AA3E0B0E0BE
:107B7000ECEBFDE30C948E4A2091FE043091FF045F
:107B800028173907B1F08093FE049093FF04E09129
:107B90000205F0910305309761F00084F185E02D36
:107BA000309739F024E029838A839B83CE010196A4
:107BB00009952396E2E00C94AA4AE0910205F0911F
:107BC0000305309731F00284F385E02D309709F0FA
:107BD00009950895CF93DF93C0910601D0910701D5
:107BE000CDDE811521F08091380587FD11C09E0101
:107BF0002E5F3F4F96E080E09150F90140812F5F6A
:107C00003F4F41118F5F9111F7CFDF91CF910895D1
:107C100020910401309105012E5F3F4F9EE1EBCF93
:107C2000CF93C82F811102C080E02EC0A7DE81153E
:107C300021F08091380587FD0FC080910601909159
:107C40000701FC013296089620812C17F9F0319635
:107C5000E817F907C9F7E8CF8C2F869586958695A2
:107C6000C03F10F7E0910401F0910501E80FF11D0C
:107C7000228130E0C77081E001C0880FCA95EAF721
:107C8000282381E0232B81F2CF91089581E0FCCF5E
:107C90009C01FC01329680E09FEF4081461759F02D
:107CA00031969F3F19F4411101C0982F8F5F8630A4
:107CB000A1F79F3F09F40895290F311D97FD3A95CB
:107CC000F90162830895FC013296089621912613EA
:107CD00002C0DF011E92E817F907C1F70895262FA9
:107CE000269526952695603F68F4820F911DFC012C
:107CF000677021E001C0220F6A95EAF78281822B2A
:107D0000828308958091120480FF0CC01F926F93AC
:107D10008EEC99E19F938F930E94E40E0F900F9049
:107D20000F900F900895262F269526952695603F53
:107D300070F4820F911DFC019DEF61FD97EF60FFD4
:107D4000959562FD92958281892382830895809121
:107D5000120480FF0CC01F926F9380EB99E19F93F8
:107D60008F930E94E40E0F900F900F900F90089544
:107D7000CF93C82F03DE6C2F811559F08091380501
:107D800087FF07C08091040190910501A8DFCF9182
:107D9000089580910601909107017ADFF8CFCF9383
:107DA000C82FECDD6C2F811559F08091380587FFC5
:107DB00007C08091040190910501B5DFCF9108952E
:107DC00080910601909107017EDFF8CFD7DD811504
:107DD00071F08091380587FF0AC0E0910401F091AD
:107DE000050132968EE111928A95E9F70895E091A6
:107DF0000601F0910701329686E0F5CFDC01FB0128
:107E000011969C9111978181981322C012968C91A2
:107E10001297811519F0928189131AC013968C91CB
:107E20001397811519F09381891312C015968C91BF
:107E30001597811519F0958189130AC014969C91A4
:107E4000911521F081E02481291303C080E001C055
:107E500081E0817008950895FECF08958F5F80932B
:107E6000320160912F017091300180913101909128
:107E70003201F2CF83E08093320160912F01709143
:107E800030018091310190913201E6CFE7CF089522
:107E900081E08093320160912F01709130018091D7
:107EA000310190913201D8CFF3CF089591E0811143
:107EB00001C090E09093310160912F0170913001E9
:107EC0008091310190913201C7CF809131010895A5
:107ED0008093300160912F017091300180913101C8
:107EE00090913201B9CF80913001089580932F0194
:107EF00060912F0170913001809131019091320198
:107F0000ABCF80912F01089508950895FECF089575
:107F100008950895F9CF08950F931F93CF93DF939A
:107F2000F7DF0E94FA1EF5DF04E015E0C0E0D0E0C4
:107F30008C2F0E94D81DAB01BC01F80141935193D5
:107F4000819371938F0181E0452B462B472B09F4D8
:107F500080E0D82BCF5FC53059F78D2FDF91CF91BF
:107F60001F910F910895962F24E0829FF001112414
:107F7000EC5FFA4F41E050E060E070E004C0440F75
:107F8000551F661F771F9A95D2F780819181A28134
:107F9000B381482359236A237B2381E0452B462B59
:107FA000472B09F480E00895411121C094E0899F96
:107FB000F0011124EC5FFA4F81E090E0A0E0B0E026
:107FC00004C0880F991FAA1FBB1F6A95D2F780951E
:107FD0009095A095B09540815181628173818423F1
:107FE0009523A623B72380839183A283B383089527
:107FF000CF93DF93EC016BD08C1B9D0BDF91CF9166
:10800000089585B7806885BF85B7806885BF089566
:108010001F921FB61F9211248F939F93AF93BF930C
:1080200080911805811113C08091EB079091EC07A6
:10803000A091ED07B091EE074196A11DB11D80936F
:10804000EB079093EC07A093ED07B093EE07BF9179
:10805000AF919F918F911F901FBE1F901895809197
:10806000F307843031F10E944C101092180588E11A
:1080700090E020E40FB6F894A895809360000FBEBE
:108080002093600083B7817F846083BF83B7816062
:1080900083BF7894889583B78E7F83BF0FB6F8949B
:1080A000A8958091600088618093600010926000C4
:1080B0000FBE08950E9434140C94551082E084BDC4
:1080C00093E095BD9AEF97BD80936E0008952FB70A
:1080D000F8948091EB079091EC07A091ED07B09197
:1080E000EE072FBF08952FB7F8946091EB077091BA
:1080F000EC078091ED079091EE072FBF08957894DB
:108100001F921FB61F9211248F939F93AF93BF931B
:108110008091EB079091EC07A091ED07B091EE07ED
:108120000196A11DB11D8093EB079093EC07A093DE
:10813000ED07B093EE07BF91AF919F918F911F9084
:108140001FBE1F90189581E08093E00080E280932D
:10815000D8001092C9008FE19EE40197F1F700C0AA
:108160000000A7E0B0EBCD018093FC079093FD07E2
:10817000A093FE07B093FF0788E19CE00FB6F89448
:10818000A895809360000FBE90936000FFCF88E1B8
:108190009CE00FB6F894A895809360000FBE909372
:1081A0006000FFCFEF92FF921F93CF93DF93182FC2
:1081B000EB011092BC0084EA8093BC0088DF7C0154
:1081C0008091BC0087FF25C08091B900887F8830EE
:1081D00029F08091B900887F803171F51093BB0040
:1081E00084E88093BC0073DF7C018091BC0087FF32
:1081F0001DC02091B900287F80E090E0283181F0F7
:1082000081E090E0203409F480E091958195910916
:1082100007C0C701EDDEC817D90790F68EEF9FEFB4
:10822000DF91CF911F91FF90EF900895C701E0DE9D
:10823000C817D907D0F6F2CF8FEF9FEFF1CF10928A
:10824000B9008CE08093B80008950F931F93CF93EB
:10825000DF93EB018093BB0084E88093BC0037DFA1
:108260008C018091BC0087FF10C02091B900287F4D
:1082700081E090E0283209F480E0919581959109A0
:10828000DF91CF911F910F910895CF3FDC0749F304
:10829000C801AEDEC817D90720F78EEF9FEFF0CFE9
:1082A000A0E0B0E0E6E5F1E40C94834A982E862E37
:1082B000772E6A0179010BDF5C0184E1E816F10495
:1082C00020F18FEFE816FE0419F1C70164E170E0B8
:1082D0000E94154A162F072F612F702F892D62DFFC
:1082E000EC01892BB9F4082D172DC00ED11E0C15E9
:1082F0001D0511F02097C1F084E98093BC00CE01E8
:10830000CDB7DEB7EDE00C949F4A11E000E0E4CF7A
:1083100015E0FCCF8FEFE816FE04F1F2C50168DE30
:10832000E816F906C8F6DFCFB701F80181918F0191
:108330008CDFEC01DCCFA0E0B0E0E1EAF1E40C94EA
:10834000834A982E862E772E6A018901C0DE5C0151
:108350000431110510F10F3F100711F1C80164E15C
:1083600070E00E94154AEB01BE01892D1BDF7C01E4
:10837000892BC1F4C82DD72DCC0EDD1ECC15DD0503
:1083800019F0E114F104B9F084E98093BC00C7014D
:10839000CDB7DEB7EDE00C949F4AC1E0D0E0E4CF6A
:1083A000C5E0FCCF0F3F1007F9F2C50121DE081729
:1083B0001907D0F6DFCFFE018491B80146DF7C01BA
:1083C0002196DCCFA0E0B0E0E8EEF1E40C94824A24
:1083D000982E862E742E652E6901E80178DE5C01E8
:1083E0000431110510F10F3F100719F1C80164E1C4
:1083F00070E00E94154AF62EE72E6F2D7E2D892DF6
:10840000D1DE8C01892BC1F0CF3FDC07B1F3C50170
:10841000EFDDC817D90788F784E98093BC00C8014D
:10842000CDB7DEB7EEE00C949E4AFF24F394E12C26
:10843000E4CF85E0F82EFBCFBE01882D06DF8C014E
:10844000E72CF62CCE0CDF1CEC14FD0429F30115EF
:10845000110511F7BE01F70181917F01F6DE8C0154
:10846000F3CF9B01BA019091F3079430D9F48F7048
:108470008093E9009FEF8091E80085FD06C085EDBF
:108480008A95F1F700009150B1F78091E80085FFDF
:1084900009C040E050E0C901DCD28091E8008E774D
:1084A0008093E8000895603229F440E250E0BC0176
:1084B00082E0D7CF089543E050E0BC0184E0D1CF03
:1084C00046E050E0BC0184E0CCCF40E250E0BC018B
:1084D00084E0C7CFCF93DF93EC01F7DC48E050E0B6
:1084E000BE0181E0BEDF88E0FE01ACE1B5E00190B5
:1084F0000D928A95E1F7DF91CF910895A0E2B0E067
:10850000E4E8F2E40C948E4A8091F3078430F1F4AD
:1085100083E08093E9008091E80082FF17C080919A
:10852000E80090E085FF07C040E050E0BD01CE01CB
:108530000196DCD291E08091E8008B778093E8008F
:10854000911521F060E2CE01019607D9A096E2E0F4
:108550000C94AA4A089582E19AE19F938F930E9416
:10856000E40E8091F2070F900F90811107C04AD45A
:108570009ED48091E20084608093E20008958EE0B2
:108580009AE19F938F930E94E40E1092F2070F904E
:108590000F9008958AE09AE19F938F930E94E40ED2
:1085A00077DC81E083DC0F900F900895A0E0B0E0CD
:1085B000EBEDF2E4B3C786E09AE19F938F930E94BC
:1085C000E40E6091EF0781E0611101C080E052DCB0
:1085D0000F900F90E2E0BEC7A0E0B0E0E1EFF2E460
:1085E0009DC782E09AE19F938F930E94E40E909141
:1085F000F30781E0943009F080E06091EF0746DCFA
:108600000F900F90E2E0A6C720911A052F5F822FEE
:1086100062E3F2D6911519F020931A05089510928D
:108620001A0580911B058115E9F08091F3078430CC
:10863000B9F49091E9008091EC009F7080FB88274D
:1086400087F9892B95E09093E9009091EB0090FFDA
:1086500004C09091EE0097FD08C08F708093E900F0
:1086600010921B0508951092F1009091E80095FD7D
:10867000FACF9091E80090FFF0CF9091E8009E77BC
:108680009093E800EACF42E061EC81E037D342E228
:1086900061EC84E033D342E261EC82E02FD342E22A
:1086A00060EC83E02BD342E261EC85E027D390912C
:1086B000F30781E0943009F080E06091EF07CECBC2
:1086C0008091F507893081F148F4823009F496C031
:1086D000833009F457C0813041F008958A3009F49D
:1086E00080C08B3009F468C008958091F407813A06
:1086F00009F047C08091E800877F8093E80080916F
:10870000F8079091F907892B59F060E080E090E03C
:1087100070E039D28091E8008B778093E80008956B
:1087200068E08CE195E0F4CF8091F407813249F55F
:108730008091F8079091F9078D7F892B11F5809131
:10874000E800877F8093E8008091E80082FF15C0F1
:108750008091F2009091F300029731F48091F10042
:10876000813011F0863019F48091F100B1DB8091F5
:10877000E8008B778093E800F5C28091F3078111C0
:10878000E3CF08958091F407813AD9F78091F807F3
:108790009091F907892BA9F78091E800877F809352
:1087A000E8008091E80080FFFCCF8FDB8093F10030
:1087B0008091E8008E77DECF8091F407813209F74F
:1087C0008091F8079091F907892BD9F68091E800FC
:1087D000877F8093E800C6D28091F60767DB0C9410
:1087E00034148091F407813261F68091E800877F2C
:1087F0008093E800B7D28091F70778CB8091F40797
:10880000813A09F0BECF8091E800877F8093E8002D
:108810008091E80080FFFCCF74DBC8CF9FB7F8944D
:1088200010921B059FBF9091F307943009F047C049
:108830002091E9009091EC002F7090FB992797F917
:10884000922B25E02093E9002091EB0020FF34C01B
:108850002091EE0027FF30C020911905211521F04D
:108860002091E80025FF28C01092190526E03091DC
:10887000E80035FF14C08093F1008091E80085FD89
:1088800027C08091E80080FFFCCF8091E8008E77C0
:108890008093E8009F709093E90080E00895309104
:1088A000F307343049F43091EB0035FD05C0215019
:1088B00041F481E0809319059F709093E9008FEF58
:1088C0000895EFE9FFE03197F1F700C00000CFCF46
:1088D0008FB7F89421E020931B058FBFDBCF84B7BF
:1088E000877F84BF0FB6F894A89580916000886157
:1088F00080936000109260000FBE80E890E00FB699
:10890000F89480936100909361000FBECDCA7AD233
:10891000CED2E2EEF0E080818460808378942FC52F
:1089200083E391E024C88091F307853089F4809136
:10893000120480FF08C08CEE99E19F938F930E94F0
:10894000E40E0F900F908091F307853011F0B2CBB9
:10895000089585DBE1DA8115B1F38091F107811586
:1089600091F361D00E943414EECF08959A014091A2
:10897000FA075091FB0700C0492F50E043305105E2
:10898000D1F078F44130510509F448C04230510526
:1089900071F484E790E04AE45AE1F901408351839D
:1089A000089541325105E9F04232510539F180E034
:1089B00090E040E0F2CF482F50E0813061F042304B
:1089C000510561F0E6E4FAE14115510581F7849122
:1089D00090E0AF01E2CFE4E2FAE1F9CFE6E1FAE1BB
:1089E000F6CF6430710518F7660F771FFB01E45C62
:1089F000FC4F4081518189E090E0CFCF6430710518
:108A0000B0F6FB01EE0FFF1FEC5CFC4F4081518183
:108A1000605D7C4FFB01808190E0BFCF82E190E000
:108A20004EEB5AE1BACF84E189BD86E189BD09B434
:108A300000FEFDCF8091D8008F7D8093D80080917B
:108A4000E00082608093E0008091E00081FDFCCF37
:108A50000895AF92BF92CF92DF92FF920F931F9330
:108A6000CF93DF936C01EB018A019BD1F82E81112A
:108A700023C00115110539F0F80180819181C81BCF
:108A8000D90BC80ED91EA12CB12C2097A9F080912A
:108A9000E80085FD21C08091E8008E778093E80092
:108AA00001151105A1F0F801808191818A0D9B1DAE
:108AB0008083918385E0F82E8F2DDF91CF911F91D8
:108AC0000F91FF90DF90CF90BF90AF90089569D144
:108AD0008115E9F2F82EF0CFF60181916F018093B4
:108AE000F10021978FEFA81AB80ACFCFAF92BF92AB
:108AF000CF92DF92FF920F931F93CF93DF936C017E
:108B0000EB018A014ED1F82E811123C00115110508
:108B100039F0F80180819181C81BD90BC80ED91E8C
:108B2000A12CB12C2097A9F08091E80085FD21C0EF
:108B30008091E8008B778093E80001151105A1F082
:108B4000F801808191818A0D9B1D8083918385E04E
:108B5000F82E8F2DDF91CF911F910F91FF90DF9015
:108B6000CF90BF90AF9008951CD18115E9F2F82EF7
:108B7000F0CF8091F100F60181936F0121978FEF83
:108B8000A81AB80ACFCFFC012091FA073091FB0751
:108B90002617370720F06115710569F09B0190E0F9
:108BA0002115310571F491110CC08091E80082FF0C
:108BB00037C080E008959091E8009E779093E80098
:108BC000EDCF8091F3078115B9F18530B9F180912E
:108BD000E80083FD2FC08091E80082FDE6CF809100
:108BE000E80080FFDDCF4091F2005091F3002115A5
:108BF000310519F04830510558F091E048305105E1
:108C000009F090E04091E8004E774093E800C8CF2B
:108C100081918093F100215031094F5F5F4FE7CF81
:108C20008091F307811541F0853041F08091E80093
:108C300083FFBBCF81E0089582E0089583E008952B
:108C4000FC012091FA073091FB072617370720F027
:108C50006115710569F09B0190E02115310571F4F2
:108C600091110CC08091E80082FF38C080E0089527
:108C70008091E8008E778093E800EDCF8091F30734
:108C80008115C1F18530C1F18091E80083FD30C0CC
:108C90008091E80082FDE6CF8091E80080FFDDCF83
:108CA0004091F2005091F3002115310519F0483040
:108CB000510558F091E04830510509F090E080915D
:108CC000E8008E778093E800C8CF84918093F1000C
:108CD0003196215031094F5F5F4FE6CF8091F30706
:108CE000811541F0853041F08091E80083FFBACFD3
:108CF00081E0089582E0089583E00895982F9730E9
:108D000028F08F708093E90081E008959093E90046
:108D1000242F762F50E0981731F07091EC002091BD
:108D2000ED005091F00021FD02C09F5FE8CF30912F
:108D3000EB003E7F3093EB003091ED003D7F3093B0
:108D4000ED003091EB0031603093EB007093EC005C
:108D50002093ED005093F0002091EE0027FDE5CF29
:108D600080E008958091F40787FF13C08091E800A8
:108D700082FF06C08091E8008B778093E800089519
:108D80008091F3078111F2CF08958091F307811547
:108D9000D9F38091E80080FFF8CF8091E8008E77CA
:108DA000ECCF2091E4003091E50095E6A9012091F7
:108DB000EC00822F817020FF06C08091E80080FFC8
:108DC00006C080E008952091E80022FD1AC080913D
:108DD000F307811589F0853089F08091EB0085FDDE
:108DE0000FC02091E4003091E50042175307F9F2DB
:108DF0009150E1F684E0089582E0089583E00895BB
:108E000081E0089561D068D0E0EEF0E0808181607B
:108E10008083E8ED80818F77808319BCA7EDB0E077
:108E20008C918E7F8C9380818F7E80831092F2074D
:108E30000895CF93DF9348D04FD0C8EDD0E088811C
:108E40008F77888388818068888388818F7D8883F5
:108E5000E7EDF0E080818068808319BC1092F30711
:108E60001092EF071092F1071092F007E0EE808168
:108E70008B7F808388818160888342E060E080E02E
:108E80003DDFE1EEF0E080818E7F8083E2EE808145
:108E900081608083808188608083E0EE80818E7F26
:108EA0008083888180618883DF91CF910895E8ED88
:108EB000F0E080818F7E8083E7ED80818160808318
:108EC00081E08093F207B5CFE8EDF0E080818C7F00
:108ED00080831092E20008951092DA001092E1006F
:108EE00008951F920F920FB60F9211240BB60F9296
:108EF0002F933F934F935F936F937F938F939F93A2
:108F0000AF93BF93EF93FF938091E10082FF0AC07C
:108F10008091E20082FF06C08091E1008B7F809308
:108F2000E10072DB8091DA0080FF18C08091D800E8
:108F300080FF14C08091DA008E7F8093DA008091E8
:108F4000D90080FF91C084E189BD86E189BD09B463
:108F500000FEFDCF81E08093F307FDDA8091E10010
:108F600080FF18C08091E20080FF14C08091E20071
:108F70008E7F8093E2008091E20080618093E20026
:108F80008091D80080628093D80019BC85E08093DE
:108F9000F3070CDB8091E10084FF28C08091E200A0
:108FA00084FF24C084E189BD86E189BD09B400FE47
:108FB000FDCF8091D8008F7D8093D8008091E10013
:108FC0008F7E8093E1008091E2008F7E8093E200AB
:108FD0008091E20081608093E2008091EF0781152B
:108FE00009F447C084E08093F307F6DA8091E1004A
:108FF00083FF27C08091E20083FF23C08091E100BE
:10900000877F8093E10082E08093F3071092EF075F
:109010008091E1008E7F8093E1008091E2008E7F5D
:109020008093E2008091E20080618093E20042E060
:1090300060E080E063DE8091F00088608093F00063
:10904000A9DAFF91EF91BF91AF919F918F917F919D
:109050006F915F914F913F912F910F900BBE0F90A9
:109060000FBE0F901F90189519BC1092F30787DA66
:1090700075CF8091E30087FF02C083E0B4CF81E029
:10908000B2CF1F920F920FB60F9211240BB60F9210
:109090001F932F933F934F935F936F937F938F9380
:1090A0009F93AF93BF93CF93DF93EF93FF93E9EE3B
:1090B000F0E080811091EC008F7010FB112717F900
:1090C000182B1082C0EFD0E08881877F8883789446
:1090D0001ED0E9EEF0E010828881886088831F70DE
:1090E0001083FF91EF91DF91CF91BF91AF919F914D
:1090F0008F917F916F915F914F913F912F911F9130
:109100000F900BBE0F900FBE0F901F901895AAE204
:10911000B0E0ECE8F8E401C284EF97E0FC010196CE
:109120002091F100208327E08C3F9207B9F7C8DA3D
:109130008091E80083FF37C08091F4079091F50794
:109140009A3088F5E92FF0E0E35AF34BB7C1803845
:1091500089F0823841F58091F8078F70873018F5D3
:109160008093E9008091EB0085FB882780F91092BD
:10917000E90006C08091F107880F9091F007892BD4
:109180009091E800977F9093E8008093F10010920F
:10919000F1008091E8008E7722C0811115C0809186
:1091A000F607813001F18091E80083FF0AC08091C9
:1091B000E800877F8093E8008091EB0080628093D5
:1091C000EB00AA96E3E0C5C1823069F78091F6070B
:1091D000811579F01092E9008091E800877F8093F3
:1091E000E800C0DDE0CF933009F080E08093F10724
:1091F000F1CF8091F8078F70282F2150263098F6F4
:109200008093E9002091EB0020FFE4CF933031F40C
:109210008091EB0080628093EB00DCCF9091EB00BB
:1092200090619093EB0021E001C0220F8A95EAF74C
:109230002093EA001092EA008091EB008860EBCF67
:109240008111B1CF8091F6078F77182F8091E300BD
:109250008078812B8093E3008091E800877F809362
:10926000E80080DD8091E80080FFFCCF8091E30082
:1092700080688093E30083E0111101C082E0809355
:10928000F30791CF8058823008F08DCF8091F60798
:109290009091F7078C3D23E0920789F583E08A835C
:1092A0008AE289834FB7F894DE01139620E03EE00E
:1092B00051E2E32FF0E050935700849120FF03C068
:1092C00082958F703F5F8F708A30B8F0895C8D9384
:1092D0001D922F5F243169F74FBF8091E800877F8F
:1092E0008093E8006AE270E0CE0101964CDC809148
:1092F000E8008B778093E80056CF805DE8CF6091DF
:10930000F8077091F907AE014F5F5F4F2FDBBC018B
:10931000892B09F448CF9091E800977F9093E8005B
:1093200089819A818DDCE3CF803809F03CCF809130
:10933000E800877F8093E8008091EF078093F10039
:1093400028CF811130CF9091F607923008F02BCFC3
:109350008091E800877F8093E8009093EF0702DD1B
:109360008091EF07811529F084E08093F3078BD972
:109370001ACF8091E30087FDF7CF81E0F6CFCF933E
:109380008091F307811591F08091E900C091EC0084
:109390008F70C0FBCC27C7F9C82B1092E9008091D1
:1093A000E80083FDB4DECF70C093E900CF9108954B
:1093B00005D0332312F48A1B9B0B91C0A29FB001EE
:1093C000B39FC001A39F700D811D1124911DB29FF9
:1093D000700D811D1124911D0895DB018F939F93C2
:1093E00083D0BF91AF91A29F800D911DA39F900D3F
:1093F000B29F900D11240895992778E0880F991F46
:10940000961708F0961B881F7A95C9F780950895DE
:1094100087FB082E062687FD819567FD6195ECDFA9
:109420000EF4919507FC81950895AA1BBB1B51E191
:1094300007C0AA1FBB1FA617B70710F0A61BB70BC4
:10944000881F991F5A95A9F780959095BC01CD0169
:10945000089597FB072E16F4009406D077FD08D0E8
:10946000E4DF07FC05D03EF4909581959F4F089569
:10947000709561957F4F0895A1E21A2EAA1BBB1B20
:10948000FD010DC0AA1FBB1FEE1FFF1FA217B307D0
:10949000E407F50720F0A21BB30BE40BF50B661FE6
:1094A000771F881F991F1A9469F7609570958095AA
:1094B00090959B01AC01BD01CF010895EE0FFF1FF8
:1094C0000024001C0BBE0790F691E02D099469273B
:1094D0009627692778278727782708956FDFB7FFB2
:1094E0000895821B930B089569DFA59F900DB49F8B
:1094F000900DA49F800D911D112408952F923F92ED
:109500004F925F926F927F928F929F92AF92BF9293
:10951000CF92DF92EF92FF920F931F93CF93DF933F
:10952000CDB7DEB7CA1BDB0B0FB6F894DEBF0FBE9C
:10953000CDBF09942A88398848885F846E847D84E9
:109540008C849B84AA84B984C884DF80EE80FD80EB
:109550000C811B81AA81B981CE0FD11D0FB6F89461
:10956000DEBF0FBECDBFED010895CF93DF93CDB722
:10957000DEB72A970FB6F894DEBF0FBECDBF89873E
:109580009A87FC016081718182819381009770408C
:10959000604021F464E279ED8BE597E02DE133EF53
:1095A00041E050E0B2D029833A834B835C839B0136
:1095B000AC01A7EAB1E498DF6D837E838F8398873F
:1095C000ACEEB4EF29813A814B815C81BCD02D8116
:1095D0003E814F815885260F371F481F591FC901EB
:1095E000DA01B7FF03C00197A109B048E985FA8500
:1095F00080839183A283B3839F772A960FB6F894D2
:10960000DEBF0FBECDBFDF91CF910895AECF80E01A
:1096100091E0ABCF80930001909301011092020181
:10962000109203010895FB01DC0102C005900D9228
:1096300041505040D8F70895FC014150504030F05F
:1096400001900616D1F73197CF0108958827992701
:109650000895FB01DC0104C08D910190801921F473
:1096600041505040C8F7881B990B0895F999FECFD7
:1096700092BD81BDF89A992780B50895A6E1B0E022
:1096800044E050E034C0A8E1B0E042E050E02FC038
:10969000DC01A40FB51F4150504040F0CB01840FB6
:1096A000951F2E9105D041505040D8F70895262F90
:1096B000F999FECF92BD81BDF89A019700B40216C8
:1096C00039F01FBA20BD0FB6F894FA9AF99A0FBE76
:1096D00008950396272FECDFEADF252FE9DF242FFB
:1096E000E7CF0196272FE4DFE2CFDC01CB01FC01BD
:1096F000F999FECF06C0F2BDE1BDF89A319600B4EB
:109700000D9241505040B8F70895052E97FB16F47E
:1097100000940FD057FD05D0AFDE07FC02D046F411
:1097200008C050954095309521953F4F4F4F5F4F62
:10973000089590958095709561957F4F8F4F9F4FBD
:109740000895B7FFD1CED0DE821B930B0895F89415
:10975000FFCF74127412AB12AB1202131E139C12C1
:109760009C122213891396139613A31FA61FAA1FD8
:10977000AE1FB21FB61FBA1FBE1FC21FC61FCA1F11
:10978000A729AB29B129AD29AF29B329B529772B51
:109790007A2B7C2B7E2B782B802B822B842B5131A8
:1097A00038315A318330F731F7313131F731F73110
:1097B0008A31F7319A31DE31F731F731F731F7314C
:1097C000B531F731F731AA31F7317331F731F7316C
:1097D000F531F531F531F531F531F531F531F53159
:1097E000F531F031F73151312631F731F731F731B9
:1097F000F731F731F731F731F731F731F731F03130
:10980000F731F7313131F731F331F331F331F331EE
:10981000F331F331F331F331F331F0314535B43510
:109820004D3517351B3551351F35553561352B35C0
:10983000AD352F356535333569358E3537356D3571
:1098400095353D3573357B352335593527355D35B0
:109850004135773585359E35AB3511354935BB35C5
:10986000543659365B366036703670367036703620
:1098700070367036703670366236663669366E36D9
:109880007D3683368736353A3B3A263A2F3A413A87
:10989000473A4D3ABF3BCA3BFA3B0A3C153C203C99
:1098A000233C233C233CD23BD23B273C2B3C333C48
:1098B000403C4D3C503C533C603CA748CD48D348CD
:0E98C000CD48D34820494249D3489449A14994
:1098CE0001000000DE03FE03010102001E001E1E49
:1098DE0001191A1B1C1D1E1F20212206010021002A
:1098EE007F220003280850011E0A14010302010002
:1098FE00000100733F6A42654260425B425342E29E
:10990E0000E900EA00B500B600B700CD008301CC37
:10991E00008A0192019401210223022402250226CB
:10992E000227022A02B300B4006F0070009F01CB21
:10993E00019F02A002E200E900EA00B500B600B7FE
:10994E0000CD008301CC008A0192019401210223F3
:10995E000224022502260227022A02B300B4006F57
:10996E000070009F01CB019F02A0020001020304C0
:10997E000506076766656463626160F5F6F7F2F1E6
:10998E00F0C1C00001020202020606060909090919
:10999E0009090F0F0F0F0F0F151515181919191992
:1099AE0019191919191923242525252525258F2E31
:1099BE00912E9C2EB42E00081018181008003F3F50
:1099CE003F006D6B5F64656C6179006D6B5F696EF6
:1099DE0074657276616C006D6B5F6D61785F73702C
:1099EE00656564006D6B5F74696D655F746F5F6D47
:1099FE006178006D6B5F776865656C5F6D61785F30
:109A0E007370656564006D6B5F776865656C5F7418
:109A1E00696D655F746F5F6D6178000A092D205660
:109A2E00657273696F6E202D0A5649443A2030785C
:109A3E00353434422822546865204B657920436FB3
:109A4E006D70616E792229205049443A2030783069
:109A5E0030303428224D306C6C79222920564552F4
:109A6E003A203078303030310A4255494C443A2051
:109A7E0020285365702020382032303236290A4F84
:109A8E005054494F4E533A204C55464120424F4F69
:109A9E00544D41474943204D4F5553454B45592051
:109AAE0045585452414B455920434F4E534F4C4508
:109ABE0020434F4D4D414E44204E4B524F20383196
:109ACE0039320A4743433A2031352E322E30204167
:109ADE0056522D4C4942433A20322E322E312041DD
:109AEE0056525F415243483A2061767235310A0030
:109AFE004422B815BF1BE51A071BD01A5C1A751A3B
:049B0E00951AAE1ADC
:00000001FF
